freq_x,pre_x,post_x,freq_y,pre_y,post_y,freq_z,pre_z,post_z
0.0,-26.43560179222534,-26.43560179222534,0.0,-32.668575527365334,-32.668575527365334,0.0,-38.16076314572596,-38.16076314572596
1.9591544866561887,-18.587575527165278,-18.5893596203682,1.9591544866561887,-24.71641640730983,-24.718200306817565,1.9591544866561887,-21.338805855150326,-21.340589877937667
3.9183089733123775,-22.120630467157373,-22.127916049159076,3.9183089733123775,-28.384812416070435,-28.39209677275822,3.9183089733123775,-24.587868411752787,-24.5951536129008
5.877463459968566,-27.35243445586452,-27.369387418865195,5.877463459968566,-33.043870550097665,-33.06081894929436,5.877463459968566,-30.127240376128114,-30.144191483353314
7.836617946624755,-31.930336420984492,-31.96187498126924,7.836617946624755,-36.69725275115639,-36.72877993862323,7.836617946624755,-32.27259097801504,-32.30412891319195
9.795772433280943,-34.323509034581996,-34.37562079534824,9.795772433280943,-39.64062001150777,-39.69270314901327,9.795772433280943,-34.532264524503745,-34.58437546070752
11.754926919937132,-36.00487016978019,-36.08493429997641,11.754926919937132,-40.57451538104538,-40.654535677753685,11.754926919937132,-36.00080525154919,-36.08086941136893
13.714081406593321,-37.2877524903686,-37.40487719110972,13.714081406593321,-39.50571704447498,-39.62281044077094,13.714081406593321,-37.624603094637365,-37.74172354028113
15.67323589324951,-38.30409310175279,-38.469468452273425,15.67323589324951,-39.52010547899568,-39.685455089186135,15.67323589324951,-38.662619573395396,-38.82798770558355
17.632390379905697,-39.16342845737453,-39.39069646825459,17.632390379905697,-39.188794338592665,-39.416061586621474,17.632390379905697,-39.69897799669249,-39.926229418871046
19.591544866561886,-39.3350856146936,-39.64075813369999,19.591544866561886,-35.947206600990036,-36.25299521668296,19.591544866561886,-39.926535139398986,-40.23218232907452
21.550699353218075,-38.9225933142502,-39.326471548423,21.550699353218075,-35.272494334879234,-35.67652884838195,21.550699353218075,-39.46836669116624,-39.87221538728155
23.509853839874264,-39.1504513377446,-39.67601804430678,23.509853839874264,-38.81848303979238,-39.34407272536448,23.509853839874264,-38.73800556359101,-39.263600688847916
25.469008326530453,-39.79194249233627,-40.46693668581216,25.469008326530453,-38.52152078108314,-39.19663129266845,25.469008326530453,-38.70496752381286,-39.380062271682334
27.428162813186642,-39.432432963962725,-40.289642418073896,27.428162813186642,-35.153915586696,-36.01153449448739,27.428162813186642,-37.69821703547814,-38.555617016358134
29.38731729984283,-36.83617340403699,-37.914328573378306,29.38731729984283,-31.211969562619217,-32.290598741624386,29.38731729984283,-35.86603230666236,-36.94429256772506
31.34647178649902,-37.78957444316526,-39.133495600297216,31.34647178649902,-32.84433027945552,-34.18886151453175,31.34647178649902,-38.149435820235496,-39.49329753106503
33.305626273155205,-40.22166350106295,-41.8844432971171,33.305626273155205,-37.0090738845997,-38.672578779455044,33.305626273155205,-41.32288432458866,-42.98534712466758
35.264780759811394,-40.69455547757685,-42.74050786911679,35.264780759811394,-39.58675391012579,-41.63307963165582,35.264780759811394,-42.5399495242268,-44.58516393623058
37.22393524646758,-40.93541452954801,-43.442298733549976,37.22393524646758,-41.248326905333016,-43.75506298995361,37.22393524646758,-43.64953410076991,-46.15493729840887
39.18308973312377,-40.86682602109843,-43.931038515316814,39.18308973312377,-40.99585023658152,-44.05998693021288,39.18308973312377,-43.874839309945266,-46.936955909851115
41.14224421977996,-40.5589845817635,-44.302784112356896,41.14224421977996,-40.943560203122814,-44.687077846408,41.14224421977996,-43.150535767879035,-46.892170810869516
43.10139870643615,-40.64507218885068,-45.22712966635968,43.10139870643615,-42.76708625120054,-47.34690007899032,43.10139870643615,-42.4895475414838,-47.06968685598519
45.06055319309234,-40.07159277197283,-45.70552033416484,45.06055319309234,-45.076838757546234,-50.70299693751129,45.06055319309234,-42.03001879294318,-47.66142429106765
47.01970767974853,-39.2310750293862,-46.21185252886971,47.01970767974853,-45.908989463590125,-52.875620834279296,47.01970767974853,-42.232178409283314,-49.20790814368341
48.97886216640472,-37.15348406000988,-45.906608423744835,48.97886216640472,-48.03010667377993,-56.74938439981524,48.97886216640472,-43.61884463709955,-52.35698004004776
50.938016653060906,-38.440351728538424,-49.604078034245724,50.938016653060906,-49.470551501899095,-60.573862030459466,50.938016653060906,-45.17809350206492,-56.31411064018238
52.897171139717095,-39.29833621596449,-53.96322440696649,52.897171139717095,-49.57584246585344,-64.14147063923595,52.897171139717095,-46.69072533877204,-61.2966564533225
54.856325626373284,-40.00754398460113,-60.54733532239815,54.856325626373284,-49.607146924552836,-69.93828636218608,54.856325626373284,-47.35588531463268,-67.75768835486116
56.81548011302947,-40.68572450633158,-81.6929301291091,56.81548011302947,-49.8000984242697,-88.6710487030463,56.81548011302947,-48.13129376582326,-87.52722007701297
58.77463459968566,-40.345540126350116,-63.59561377231945,58.77463459968566,-49.07013050914352,-72.0600007890842,58.77463459968566,-48.43990200070668,-71.45812756038839
60.73378908634185,-39.60930388969586,-57.275273710889465,60.73378908634185,-49.859556391422934,-67.37174033067161,60.73378908634185,-49.22544074511302,-66.75313012976255
62.69294357299804,-39.84470960884589,-54.77596523527957,62.69294357299804,-49.95802800068168,-64.78254142513084,62.69294357299804,-49.68202953069721,-64.51136792508389
64.65209805965422,-39.74112820540803,-53.10741280073313,64.65209805965422,-49.32074511936492,-62.60991317430528,64.65209805965422,-49.82238502055668,-63.10472349763189
66.61125254631041,-40.40684859409516,-52.84543086991391,66.61125254631041,-50.61610600574489,-62.97401572464273,66.61125254631041,-49.60263790329723,-61.97334938110353
68.5704070329666,-39.86403075583227,-51.780242064983604,68.5704070329666,-50.465866831869484,-62.30740429896714,68.5704070329666,-47.8410294017181,-59.710119114556335
70.52956151962279,-40.131701180611536,-51.79209830524356,70.52956151962279,-49.55102244173968,-61.150716100622525,70.52956151962279,-46.536459296980425,-58.16299360449317
72.48871600627898,-41.62068241348388,-53.21185191081671,72.48871600627898,-49.702717240607384,-61.237944302404934,72.48871600627898,-46.770212184054486,-58.33186122963057
74.44787049293517,-39.86283637958618,-51.5391428392008,74.44787049293517,-49.200995051317655,-60.819125034488586,74.44787049293517,-46.49781894848693,-58.13952135735469
76.40702497959136,-37.73750789084881,-49.608801091413724,76.40702497959136,-44.41594600824294,-56.25904886737436,76.40702497959136,-42.618578242661215,-54.471493131191984
78.36617946624754,-38.69008266857856,-50.83574043076004,78.36617946624754,-44.06332499985781,-56.18469549886355,78.36617946624754,-42.80420621131515,-54.932674277513165
80.32533395290373,-42.618829843073385,-55.09996771617846,80.32533395290373,-44.91552966657302,-57.38245118023612,80.32533395290373,-44.27271320467696,-56.743996928480875
82.28448843955992,-44.11816360270458,-57.008738904966776,82.28448843955992,-45.461898553497626,-58.34253776980715,82.28448843955992,-45.74627465682375,-58.62460830488673
84.24364292621611,-44.38342946242696,-57.75340761804272,84.24364292621611,-45.952880015731,-59.309843980273946,84.24364292621611,-47.35149703808999,-60.69472754830116
86.2027974128723,-44.653782610722686,-58.56520090335842,86.2027974128723,-47.74351551245342,-61.623632321765704,86.2027974128723,-49.1195083703742,-62.981725711026264
88.16195189952849,-43.93348324769114,-58.45951883164606,88.16195189952849,-50.33682922093611,-64.78283653089451,88.16195189952849,-49.91315020617418,-64.36643196950686
90.12110638618468,-43.86119176855429,-59.06662957661983,90.12110638618468,-52.81130203543192,-67.87291623321245,90.12110638618468,-49.17084756798458,-64.30872961485987
92.08026087284087,-45.667567666312664,-61.609240460216206,92.08026087284087,-53.70345145179458,-69.479679653032,92.08026087284087,-49.50518715816352,-65.38611719052598
94.03941535949706,-46.0408233868577,-62.82098076887632,94.03941535949706,-54.272830790741644,-70.85251434981066,94.03941535949706,-49.94016142636572,-66.64788482294183
95.99856984615325,-47.36690667339032,-65.07070218244793,95.99856984615325,-55.339922735951504,-72.79283768329785,95.99856984615325,-50.08946838441954,-67.731187012028
97.95772433280943,-49.14000116584106,-67.86880803389742,97.95772433280943,-55.736830879820936,-74.19955751233427,97.95772433280943,-49.4467717631845,-68.16704115564133
99.91687881946562,-49.82583700174392,-69.74529480397074,99.91687881946562,-56.05395886523568,-75.66453531699803,99.91687881946562,-48.88840856854561,-68.83860564822889
101.87603330612181,-50.634721776272684,-71.91637881523802,101.87603330612181,-55.97811770691871,-76.93319483884557,101.87603330612181,-48.28870101310197,-69.663528530687
103.835187792778,-51.86320574458507,-74.70290141778455,103.835187792778,-56.382185069926926,-78.85548543900002,103.835187792778,-48.8144593578718,-71.81801005333978
105.79434227943419,-52.51499338678763,-77.2343278932942,105.79434227943419,-55.767069054336716,-80.15438266647813,105.79434227943419,-49.87569285356954,-74.79254254181085
107.75349676609038,-53.082658843002186,-80.10433106645321,107.75349676609038,-55.638563345325196,-82.30745770286605,107.75349676609038,-50.38208936500123,-77.68962502210042
109.71265125274657,-53.38611104760695,-83.40024765159035,109.71265125274657,-56.24414419732922,-85.67106070270883,109.71265125274657,-50.19137068916856,-80.69911586939128
111.67180573940276,-54.053172537400265,-88.17117299205489,111.67180573940276,-55.160583421286574,-88.91442664136434,111.67180573940276,-50.489485221762145,-85.58041660965631
113.63096022605895,-54.70706019473443,-95.81917321120474,113.63096022605895,-53.91536863136241,-95.62923427546487,113.63096022605895,-49.607074196196976,-94.34425719148271
115.59011471271513,-54.71593226774584,-91.16261148769793,115.59011471271513,-53.25287830012578,-90.32280027488086,115.59011471271513,-48.96578050978407,-87.52906823322853
117.54926919937132,-54.304601750205634,-86.73675215454212,117.54926919937132,-52.89928464372977,-85.68340760089549,117.54926919937132,-49.177338694578765,-82.70526542773509
119.50842368602751,-53.969338701058916,-83.96616282415862,119.50842368602751,-52.60041628357718,-82.84343478330553,119.50842368602751,-48.31530474080467,-79.14753715419951
121.4675781726837,-53.719348488970326,-82.06609807310743,121.4675781726837,-53.10159842532451,-81.54001735897602,121.4675781726837,-47.480885311176635,-76.53636785216085
123.42673265933989,-53.29877925654547,-80.50704704090393,123.42673265933989,-52.9295314242849,-80.18385038638871,123.42673265933989,-46.85142890389346,-74.65806166082426
125.38588714599608,-53.5337888962801,-79.85680755676375,125.38588714599608,-52.85691144367327,-79.25666848504422,125.38588714599608,-46.86605865218719,-73.75312909537867
127.34504163265227,-52.39199157188403,-78.2260974144303,127.34504163265227,-52.89028229568167,-78.67484012370012,127.34504163265227,-45.86828462899577,-72.15862041478128
129.30419611930844,-51.272111395390134,-76.7822350472155,129.30419611930844,-53.532050781874226,-78.83348459236707,129.30419611930844,-45.82552031309852,-71.67322158992648
131.26335060596463,-51.94367656750223,-77.12929498611003,131.26335060596463,-53.44984211742488,-78.49675485513038,131.26335060596463,-46.936913070558205,-72.45221379958872
133.22250509262082,-50.01036983831586,-75.20325483896488,133.22250509262082,-50.74856727108913,-75.88918417753212,133.22250509262082,-45.21805086190032,-70.66524409663245
135.181659579277,-48.094918409612994,-73.37547273643513,135.181659579277,-49.66790773748926,-74.85392794085249,135.181659579277,-43.631196682642546,-69.10630387933294
137.1408140659332,-47.01227649387978,-72.41891374216442,137.1408140659332,-47.928543372661494,-73.28757913702759,137.1408140659332,-41.85889683605977,-67.45968285767995
139.0999685525894,-48.273758466211675,-73.77254128866689,139.0999685525894,-49.15803517898275,-74.6031946704287,139.0999685525894,-42.47572991452998,-68.22246005824216
141.05912303924558,-48.2007804037319,-73.94634200532182,141.05912303924558,-48.75624476650308,-74.46800426056836,141.05912303924558,-43.88286400164975,-69.8316766147492
143.01827752590177,-44.81991088502479,-71.06180618579907,143.01827752590177,-44.2707834629974,-70.53529336590401,143.01827752590177,-42.25649672644393,-68.59312057450212
144.97743201255795,-43.07492773259327,-69.7980216176044,144.97743201255795,-42.82374386317735,-69.55594941945566,144.97743201255795,-41.162200397680415,-67.94867227953345
146.93658649921414,-45.304908411611265,-72.42650863384314,146.93658649921414,-45.68935110944012,-72.79135286796145,146.93658649921414,-44.02283897170339,-71.20413991829676
148.89574098587033,-42.365406620128255,-70.19901011407727,148.89574098587033,-44.19053904775598,-71.94581650365552,148.89574098587033,-42.088453174932965,-69.93262265082762
150.85489547252652,-40.522435347043,-69.10748754392776,150.85489547252652,-43.01808214177163,-71.50460770832484,150.85489547252652,-40.659401019120295,-69.23972307472116
152.8140499591827,-41.05606624297891,-70.413730310081,152.8140499591827,-43.88909162145531,-73.1138936994723,152.8140499591827,-42.30468853715003,-71.60884577234187
154.7732044458389,-43.60365740353573,-73.74297341251791,154.7732044458389,-47.23392938779598,-77.11201803930147,154.7732044458389,-45.4807731913889,-75.49765222557599
156.7323589324951,-46.66270509920228,-77.59916546755834,156.7323589324951,-50.808424403129735,-81.26900503498915,156.7323589324951,-48.983680105968574,-79.6785809012954
158.69151341915128,-44.1018350797256,-76.44559864304873,158.69151341915128,-47.74585470388292,-79.73080469013351,158.69151341915128,-49.94702486548883,-81.64102430303457
160.65066790580747,-39.0041585918188,-73.13508939043925,160.65066790580747,-40.98850185737053,-74.99663590962847,160.65066790580747,-46.00212199069582,-79.55603464809838
162.60982239246366,-37.826088357615944,-73.80611002494673,162.60982239246366,-39.88470696544289,-75.72610596176696,162.60982239246366,-44.56600451194471,-79.95397976888643
164.56897687911984,-39.53844599749542,-77.60813025677774,164.56897687911984,-43.71783947315996,-81.29948099397853,164.56897687911984,-46.67587053124714,-83.76745667914163
166.52813136577603,-38.77696390419104,-79.84811742241128,166.52813136577603,-42.68768517068297,-83.17861551846237,166.52813136577603,-45.33215604371886,-85.28886418111159
168.48728585243222,-41.92072641858636,-86.59085713217095,168.48728585243222,-45.22264853250506,-88.88877939263531,168.48728585243222,-47.127655439818106,-90.08800125616956
170.4464403390884,-44.85230121130322,-95.01257951384163,170.4464403390884,-50.331870204959785,-96.32165403281712,170.4464403390884,-50.47708442927694,-96.34833732003017
172.4055948257446,-45.39392948542465,-92.09961313419187,172.4055948257446,-53.323744782886564,-95.18524440511838,172.4055948257446,-54.0467328195506,-95.38590740735347
174.3647493124008,-48.957055027322255,-89.99699717486585,174.3647493124008,-56.446178402569444,-93.7581251322961,174.3647493124008,-55.62908718495487,-93.42530050532241
176.32390379905698,-52.81187513756666,-90.06278313683681,176.32390379905698,-58.274449739091885,-92.95375257322695,176.32390379905698,-56.6682680773793,-92.1923425704823
178.28305828571317,-51.6681482668007,-87.69707826123175,178.28305828571317,-57.853727127275306,-91.53498645301644,178.28305828571317,-56.407160677935096,-90.73115566420424
180.24221277236936,-53.801056345142186,-87.92685358249138,180.24221277236936,-57.84539129332664,-90.52242030817027,180.24221277236936,-57.79889749796009,-90.49508407236182
182.20136725902555,-54.20304300682534,-87.22873939217367,182.20136725902555,-57.51092451045686,-89.47043356748068,182.20136725902555,-57.292222454389716,-89.33086326753411
184.16052174568173,-54.80244601251798,-86.85966042608634,184.16052174568173,-56.142550364260835,-87.81785889115129,184.16052174568173,-57.02764859548675,-88.42704688432632
186.11967623233792,-56.107741591414666,-87.15174196845837,186.11967623233792,-55.351938297589136,-86.5996016230971,186.11967623233792,-57.116751334508436,-87.86819502822773
188.0788307189941,-53.97246028477863,-84.97914916973237,188.0788307189941,-54.13356128415224,-85.10517561077863,188.0788307189941,-58.11926718012133,-88.04704387121765
190.0379852056503,-49.14056209468072,-80.44441890487224,190.0379852056503,-50.85531610306531,-81.91981765168475,190.0379852056503,-58.05096395175279,-87.56321904912528
191.9971396923065,-50.05082171594323,-80.77857866417446,191.9971396923065,-52.27356120156901,-82.67119723797666,191.9971396923065,-57.570308625561495,-86.83930174378283
193.95629417896268,-54.40294283327897,-84.05581068042767,193.95629417896268,-56.810460275318846,-85.94256132756487,193.95629417896268,-57.79383499806037,-86.67917869122975
195.91544866561887,-56.30595297622017,-85.26771397633517,195.91544866561887,-57.32852674098935,-86.05249289075559,195.91544866561887,-58.94357595417585,-87.24632640277474
197.87460315227506,-57.465280495583535,-85.91711731305767,197.87460315227506,-58.22777062380344,-86.49108050953437,197.87460315227506,-60.143820185854864,-87.87600152368314
199.83375763893125,-57.97482324314136,-86.10205142992383,199.83375763893125,-58.269141002040726,-86.32361175579777,199.83375763893125,-59.49530702605371,-87.22616259875994
201.79291212558743,-57.86812968979207,-85.85151222491464,201.79291212558743,-58.71752433633265,-86.49202000523745,201.79291212558743,-57.07078019003347,-85.23657164163589
203.75206661224362,-58.00331846064758,-85.81241918153934,203.75206661224362,-59.33303051486864,-86.80988151232262,203.75206661224362,-56.47047371117475,-84.61727243821394
205.7112210988998,-57.845664361155826,-85.57295507301168,205.7112210988998,-59.01469489893405,-86.45985241864969,205.7112210988998,-57.68660353766964,-85.45008891529726
207.670375585556,-57.611663474469395,-85.2939115572789,207.670375585556,-59.18339743896627,-86.49165007211124,207.670375585556,-59.583084513327776,-86.78781532288806
209.6295300722122,-55.11664655379674,-83.20977354138955,209.6295300722122,-55.36440727763005,-83.41380679540296,209.6295300722122,-60.182208712999206,-87.15172054204314
211.58868455886838,-52.66601286447653,-81.0706350427774,211.58868455886838,-52.44692913916292,-80.8810903745779,211.58868455886838,-60.0405878702285,-86.99071491428889
213.54783904552457,-50.8753860975681,-79.4494933283026,213.54783904552457,-50.59343960156873,-79.1989718270043,213.54783904552457,-59.80345783982325,-86.77240425401452
215.50699353218076,-50.771380139142835,-79.31845315729632,215.50699353218076,-50.20563815455024,-78.81391894924651,215.50699353218076,-59.82103530533195,-86.7534662989212
217.46614801883695,-51.33625464894344,-79.79364948093652,217.46614801883695,-50.89539218468271,-79.40348979819524,217.46614801883695,-59.84957624618176,-86.75383818126346
219.42530250549314,-49.947849449970334,-78.54438242241518,219.42530250549314,-50.3826916455479,-78.93392826532252,219.42530250549314,-57.11289918554374,-84.64375958744347
221.38445699214932,-53.91529008126505,-82.01221209148909,221.38445699214932,-55.31168376331224,-83.18160186306986,221.38445699214932,-57.139695270966655,-84.66319872708016
223.3436114788055,-57.33039355445179,-84.82106316488505,223.3436114788055,-59.165109973088505,-86.23743290513755,223.3436114788055,-60.20368596212051,-87.00775303602832
225.3027659654617,-58.574226468387735,-85.80283695672847,225.3027659654617,-60.47276118647382,-87.21665761167642,225.3027659654617,-60.87160482298714,-87.50339982704855
227.2619204521179,-59.23762665045359,-86.32616736675723,227.2619204521179,-61.557014571823956,-88.00626968283346,227.2619204521179,-60.47228643101132,-87.23592032377121
229.22107493877408,-58.8624552559683,-86.06971383380815,229.22107493877408,-62.03702470741693,-88.36204381529798,229.22107493877408,-60.540349507687516,-87.31031328702498
231.18022942543027,-57.20736015269337,-84.82112553622997,231.18022942543027,-60.000360043738624,-86.94879870539003,231.18022942543027,-60.81386332542888,-87.5365702124659
233.13938391208646,-58.64020104735345,-85.97006326515822,233.13938391208646,-61.10802418693012,-87.7795522692714,233.13938391208646,-61.069042570957784,-87.75205712246441
235.09853839874265,-60.426441916254944,-87.33282617290813,235.09853839874265,-63.61823504291857,-89.50530380426258,235.09853839874265,-61.14552335217263,-87.84420281252522
237.05769288539884,-60.257519568908506,-87.25410379561536,237.05769288539884,-63.39255788503251,-89.39851960233784,237.05769288539884,-61.31181568614817,-88.00231117025672
239.01684737205503,-59.57577167249652,-86.80409970754877,239.01684737205503,-61.070206239128815,-87.87841579741885,239.01684737205503,-61.53032889130394,-88.19852108564072
240.97600185871121,-59.3507609418172,-86.68894453300726,240.97600185871121,-59.82620923658703,-87.03798308879331,240.97600185871121,-61.53653163993157,-88.2501367060797
242.9351563453674,-60.31418942624689,-87.44302221798982,242.9351563453674,-61.291567421690786,-88.1311982783543,242.9351563453674,-61.73752344196779,-88.4374769384892
244.8943108320236,-61.59114466542679,-88.38959721010865,244.8943108320236,-64.51900186132997,-90.27816080423403,244.8943108320236,-62.02834266669605,-88.68576807994936
246.85346531867978,-61.64347827862774,-88.47935956996373,246.85346531867978,-64.06420580454649,-90.04855112153248,246.85346531867978,-62.24656602642381,-88.88457486752081
248.81261980533597,-61.50362064220119,-88.44027118034472,248.81261980533597,-63.30424702119625,-89.6247333109156,248.81261980533597,-61.94029340490472,-88.73518681140469
250.77177429199216,-61.57955447125992,-88.54956766615926,250.77177429199216,-63.34213989706305,-89.70233450161659,250.77177429199216,-61.67877771476271,-88.61659010655445
252.73092877864835,-61.72993811896695,-88.70982740851395,252.73092877864835,-63.624473326688964,-89.9335886730641,252.73092877864835,-61.72687081624959,-88.70777036321208
254.69008326530454,-61.45333699036876,-88.58408843085883,254.69008326530454,-63.39263806692997,-89.8449093277166,254.69008326530454,-62.01314097543257,-88.9580977555248
256.6492377519607,-61.41192215622799,-88.61807232186894,256.6492377519607,-63.12928161344616,-89.73718345608799,256.6492377519607,-62.18915619807622,-89.13408907160645
258.6083922386169,-60.87944791852189,-88.31999866016807,258.6083922386169,-60.898269693750244,-88.33288239236352,258.6083922386169,-61.20547241439846,-88.54191574614333
260.5675467252731,-60.48146392741289,-88.11171649652582,260.5675467252731,-60.0693823688714,-87.82443900413614,260.5675467252731,-60.80572373899577,-88.33484523624779
262.52670121192926,-60.00470137768338,-87.84716445090106,262.52670121192926,-59.53956354712378,-87.5183961791879,262.52670121192926,-60.59645833172377,-88.25787297744688
264.48585569858545,-60.433526008723476,-88.2135003205832,264.48585569858545,-60.52160678310918,-88.2740283187967,264.48585569858545,-60.93201843757033,-88.55351009073048
266.44501018524164,-60.1487044726193,-88.08567041152976,266.44501018524164,-60.51564633637283,-88.3382026027023,266.44501018524164,-60.88315367583367,-88.58776380164343
268.40416467189783,-59.49720206336295,-87.70061017343554,268.40416467189783,-59.327693064178995,-87.58060217187015,268.40416467189783,-60.07126241852806,-88.10189720067861
270.363319158554,-59.106377771356264,-87.49576581179556,270.363319158554,-58.59845832087039,-87.1307502742367,270.363319158554,-60.020701021801656,-88.13741653650277
272.3224736452102,-59.00338005610869,-87.4957889652505,272.3224736452102,-57.029889691915905,-86.04505343198637,272.3224736452102,-59.5208812054745,-87.86138473891553
274.2816281318664,-58.36464033750815,-87.11136819147264,274.2816281318664,-55.162008752463976,-84.6785542405417,274.2816281318664,-58.44143947371974,-87.16697718554829
276.2407826185226,-57.878295147781415,-86.83311751110209,276.2407826185226,-55.46974146207614,-85.00393012714893,276.2407826185226,-58.16868605468309,-87.0451799029488
278.1999371051788,-59.361916923883285,-87.9694969102731,278.1999371051788,-57.529184586935116,-86.65380656331683,278.1999371051788,-59.364160797157055,-87.97105904918399
280.15909159183497,-59.79776293841539,-88.34307074322736,280.15909159183497,-57.39994956546263,-86.63680156678923,280.15909159183497,-59.476668186363035,-88.12256270983593
282.11824607849115,-59.87078474951091,-88.46522148684157,282.11824607849115,-57.98539387463962,-87.1431724521306,282.11824607849115,-59.71762277781736,-88.3610596904412
284.07740056514734,-59.54393938193968,-88.31555692672296,284.07740056514734,-56.93597108944778,-86.45146199984468,284.07740056514734,-58.91116148868324,-87.87807932882507
286.03655505180353,-58.41503206691912,-87.604689790765,286.03655505180353,-56.00876908842907,-85.8341482101608,286.03655505180353,-57.565112403372574,-86.99419615471587
287.9957095384597,-58.26629653148538,-87.57588765796677,287.9957095384597,-57.40205436294652,-86.95422375360843,287.9957095384597,-58.01686948507368,-87.39825814090426
289.9548640251159,-58.32167632695726,-87.6917661383612,289.9548640251159,-58.9938166653019,-88.1602988153848,289.9548640251159,-58.41313412157849,-87.75616224475971
291.9140185117721,-57.7035304387183,-87.32954408530823,291.9140185117721,-59.3245504121985,-88.46057967961627,291.9140185117721,-58.07964017585731,-87.59761175632507
293.8731729984283,-57.3650104479593,-87.16447365215267,293.8731729984283,-58.780795923413514,-88.16354521665473,293.8731729984283,-57.949132188389655,-87.58246347756264
295.8323274850845,-57.150208452429965,-87.08826026256926,295.8323274850845,-59.51352384221874,-88.73438330475278,295.8323274850845,-57.79738615454801,-87.55243181014883
297.79148197174067,-56.30832297235523,-86.55160691163977,297.79148197174067,-60.088982394179745,-89.18527690681499,297.79148197174067,-57.52748049093961,-87.43840919099802
299.75063645839685,-56.3932949290703,-86.69566952802981,299.75063645839685,-60.02779006178315,-89.21661789773609,299.75063645839685,-57.31769590123841,-87.36701952259295
301.70979094505304,-58.375519799859745,-88.18635480982536,301.70979094505304,-61.34519192067919,-90.11420568960303,301.70979094505304,-58.4848050314769,-88.26132584133563
303.66894543170923,-58.81302323701482,-88.55893678772047,303.66894543170923,-63.35322910295487,-91.34263023093138,303.66894543170923,-58.06799425764163,-88.05015325655768
305.6280999183654,-59.06803582062227,-88.80313775353596,305.6280999183654,-65.26269280711999,-92.3947942241842,305.6280999183654,-58.48764504114228,-88.41336875330026
307.5872544050216,-60.72607900329753,-89.93635569400384,307.5872544050216,-66.09178763866046,-92.8436649602105,307.5872544050216,-60.32989546550751,-89.68968186432792
309.5464088916778,-61.57346311002066,-90.5146165461737,309.5464088916778,-66.0139000048299,-92.85796966722152,309.5464088916778,-61.052228088207784,-90.20290708182627
311.505563378334,-62.618226690622805,-91.17794193998228,311.505563378334,-66.68964001297398,-93.21312620760568,311.505563378334,-62.01011378707267,-90.83325976484987
313.4647178649902,-63.481343379183535,-91.7073544525443,313.4647178649902,-67.74796714704979,-93.70897712982722,313.4647178649902,-62.556865271295024,-91.20487658423365
315.42387235164637,-63.30978692849936,-91.674401550718,315.42387235164637,-66.83467954080072,-93.37109913372473,315.42387235164637,-61.437067958183604,-90.62825406264594
317.38302683830256,-63.60001997078925,-91.88472687234237,317.38302683830256,-65.87895208265391,-92.99592243804815,317.38302683830256,-60.95565630886128,-90.40903597933419
319.34218132495874,-63.618531893411145,-91.95107213234482,319.34218132495874,-66.06092556131847,-93.12696776262032,319.34218132495874,-60.85088073783905,-90.41215634019534
321.30133581161493,-63.57564872188018,-91.98538180900896,321.30133581161493,-66.26464513256347,-93.26504988394619,321.30133581161493,-61.2770113716046,-90.72713122348519
323.2604902982711,-64.38604709859834,-92.44635772932776,323.2604902982711,-66.2393482727033,-93.30140825405235,323.2604902982711,-62.55463840517025,-91.50453279711468
325.2196447849273,-64.59131386450751,-92.59831771208304,325.2196447849273,-67.15375339362309,-93.73151094816505,325.2196447849273,-63.3674116098483,-91.99082186447708
327.1787992715835,-64.58199231655672,-92.64591308867489,327.1787992715835,-68.62144580859704,-94.33725794295077,327.1787992715835,-63.96428058270706,-92.34654469119954
329.1379537582397,-64.55238061736688,-92.68358291316156,329.1379537582397,-68.90344056702942,-94.4766405009762,329.1379537582397,-64.29624537790416,-92.56139761105518
331.0971082448959,-64.74054917434947,-92.8229167318382,331.0971082448959,-69.0231805269798,-94.55602825545759,331.0971082448959,-64.3044208896323,-92.61751612672732
333.05626273155207,-65.02380181942017,-93.00286397873968,333.05626273155207,-69.05130060132751,-94.60269016819298,333.05626273155207,-64.2860550900102,-92.66060395639838
335.01541721820826,-65.13057248535056,-93.09983948745895,335.01541721820826,-69.04547667202709,-94.63729525645218,335.01541721820826,-64.34647669372085,-92.74048849930466
336.97457170486445,-65.02179848263863,-93.09972775958593,336.97457170486445,-69.21561024939837,-94.7305405207681,336.97457170486445,-64.4641210369769,-92.84601700306496
338.93372619152063,-64.97112212936221,-93.1255010900879,338.93372619152063,-69.48890131246328,-94.8551745408595,338.93372619152063,-64.67371740767766,-92.9918314454112
340.8928806781768,-65.06971376647029,-93.21701107278058,340.8928806781768,-69.5102164770023,-94.89629892702797,340.8928806781768,-64.73168513185897,-93.06692018688706
342.852035164833,-65.07092847024555,-93.26490150246768,342.852035164833,-69.30698942371939,-94.86531304464245,342.852035164833,-64.72609565436612,-93.1128708962521
344.8111896514892,-65.03409958887642,-93.29590688291326,344.8111896514892,-69.33141720670679,-94.90724912641039,344.8111896514892,-64.802696997469,-93.19475433680691
346.7703441381454,-65.08344388008021,-93.36381315839841,346.7703441381454,-69.4716465277505,-94.98501469636037,346.7703441381454,-64.86262610420486,-93.26833069662305
348.7294986248016,-65.13259182404806,-93.43086314487545,348.7294986248016,-69.51994567129728,-95.03295386562226,348.7294986248016,-64.84606356315624,-93.30800620978623
350.68865311145777,-65.15057160122873,-93.48403369732146,350.68865311145777,-69.62710935632565,-95.09811172571729,350.68865311145777,-64.89156063413796,-93.37402451328465
352.64780759811396,-65.20006929481765,-93.54983580734918,352.64780759811396,-69.78525976953816,-95.17722305868297,352.64780759811396,-65.03969278848294,-93.48266838026122
354.60696208477015,-65.23156012803273,-93.60744725395105,354.60696208477015,-69.79687463356865,-95.21182859558758,354.60696208477015,-65.0531086447976,-93.5333800478299
356.56611657142633,-65.31858440773527,-93.68709519533266,356.56611657142633,-69.80773109815226,-95.24583087226523,356.56611657142633,-65.14405599526197,-93.61563280700946
358.5252710580825,-65.49049027482491,-93.79959227475663,358.5252710580825,-69.95624786026865,-95.31882290799892,358.5252710580825,-65.41602033213472,-93.76978851202588
360.4844255447387,-65.55601057690319,-93.8680423446675,360.4844255447387,-69.87308461754776,-95.32511347718506,360.4844255447387,-65.50069023799053,-93.84618680650956
362.4435800313949,-65.49095628530891,-93.88450805201015,362.4435800313949,-69.84762454957527,-95.34765815600282,362.4435800313949,-65.43706234328685,-93.86328538339343
364.4027345180511,-65.41855120154507,-93.89799691953066,364.4027345180511,-70.03606908175536,-95.42931173138426,364.4027345180511,-65.36327811878337,-93.87628867661962
366.3618890047073,-65.47057355704436,-93.95983766025952,366.3618890047073,-70.23891809649005,-95.51274706083308,366.3618890047073,-65.45378343830986,-93.95332717262778
368.32104349136347,-65.60214937303829,-94.0513068157318,368.32104349136347,-70.14635419711695,-95.51598256239706,368.32104349136347,-65.60889862323253,-94.05387718578133
370.28019797801966,-65.68735668804202,-94.12375836498964,370.28019797801966,-70.05976539365922,-95.52078515629094,370.28019797801966,-65.76831324981184,-94.1540796935333
372.23935246467585,-65.71324242363542,-94.17312210036323,372.23935246467585,-70.32068726931264,-95.616694745337,372.23935246467585,-65.66082348546618,-94.15358743054406
374.19850695133204,-65.7851799477369,-94.23888398557564,374.19850695133204,-70.38119867881787,-95.65894730264782,374.19850695133204,-65.44593830919219,-94.11281279566998
376.1576614379882,-65.81749285771124,-94.28935028471727,376.1576614379882,-70.20486406240502,-95.64049981238993,376.1576614379882,-65.49676645336842,-94.17146427304432
378.1168159246444,-65.80913813820328,-94.3246009734982,378.1168159246444,-70.37044805168966,-95.70872621525483,378.1168159246444,-65.67967595204875,-94.27769735122452
380.0759704113006,-65.91609953266638,-94.40063879735706,380.0759704113006,-70.66039027407209,-95.8055037783603,380.0759704113006,-65.79683727484857,-94.35813166718239
382.0351248979568,-66.0294688175648,-94.47764340368326,382.0351248979568,-70.85480027797593,-95.87651932187661,382.0351248979568,-65.84215770121891,-94.4118139481764
383.994279384613,-66.03872127473288,-94.51744431955817,383.994279384613,-70.78416371672404,-95.88419470704842,383.994279384613,-65.92359667660772,-94.47745085492892
385.95343387126917,-66.08008445565855,-94.56784166429472,385.95343387126917,-70.56086226629894,-95.85591623140573,385.95343387126917,-66.04235233791293,-94.55491966203054
387.91258835792536,-66.15441025826084,-94.62875111979818,387.91258835792536,-70.67704997272571,-95.90734920838328,387.91258835792536,-65.99206384836319,-94.57366148774348
389.87174284458155,-66.12524101319633,-94.6542119866133,389.87174284458155,-70.84032999364749,-95.96841949938818,389.87174284458155,-65.97893017520609,-94.60489497196363
391.83089733123774,-66.06176129211772,-94.66803482692987,391.83089733123774,-70.60575853573526,-95.93841362718939,391.83089733123774,-65.91072498096985,-94.61729195887209
393.7900518178939,-66.13920524300488,-94.72843209978703,393.7900518178939,-70.5281056880832,-95.94417998769826,393.7900518178939,-65.86121309513366,-94.63590979088173
395.7492063045501,-66.21497497077047,-94.78737772092254,395.7492063045501,-70.63687836914028,-95.99204550944376,395.7492063045501,-65.99083273818349,-94.71398376200271
397.7083607912063,-66.24560221615548,-94.83096953986554,397.7083607912063,-70.72996593181702,-96.03550280400576,397.7083607912063,-66.09709693767981,-94.78300622382113
399.6675152778625,-66.25415032282758,-94.86703153061592,399.6675152778625,-70.914205745886,-96.09776882399915,399.6675152778625,-66.1663018493967,-94.83898332146518
401.6266697645187,-66.13578679554165,-94.86251548088084,401.6266697645187,-71.1869002611155,-96.17675790887967,401.6266697645187,-66.27041872989957,-94.90516108696548
403.58582425117487,-66.07001352084463,-94.87469775980485,403.58582425117487,-71.13544538277607,-96.18719272656982,403.58582425117487,-66.29635013383782,-94.94589582298775
405.54497873783106,-66.21072032473253,-94.95159837119826,405.54497873783106,-70.73859640904368,-96.1256341727753,405.54497873783106,-66.35572841411073,-94.99646778569648
407.50413322448725,-66.41343626006942,-95.04582455958169,407.50413322448725,-70.79423532019011,-96.15872671959131,407.50413322448725,-66.52328452029553,-95.07902810117633
409.46328771114344,-66.5321888274332,-95.11273738144683,409.46328771114344,-71.17988682023591,-96.25804620240758,409.46328771114344,-66.49365612901192,-95.10123214170608
411.4224421977996,-66.62754856227224,-95.1715422554341,411.4224421977996,-71.20794345611554,-96.28369933470998,411.4224421977996,-66.34297320192479,-95.08711861303978
413.3815966844558,-66.66044632464593,-95.21128362944275,413.3815966844558,-71.17646953319735,-96.297414226321,413.3815966844558,-66.35420725898769,-95.12138252801742
415.340751171112,-66.60342272028555,-95.22467313198347,415.340751171112,-71.1084946515812,-96.3039256781098,415.340751171112,-66.4134744446424,-95.1694018832658
417.2999056577682,-66.59155396084353,-95.2509453413524,417.2999056577682,-70.90885973854326,-96.28471464700786,417.2999056577682,-66.3062829038808,-95.16825890761018
419.2590601444244,-66.63372741160396,-95.29231418271748,419.2590601444244,-70.97929922672218,-96.31814957282552,419.2590601444244,-66.34984970203236,-95.21103663174996
421.21821463108057,-66.66231646232139,-95.32934802725406,421.21821463108057,-71.15255418030736,-96.3704479806919,421.21821463108057,-66.53358993405601,-95.29313450387177
423.17736911773676,-66.72750253922278,-95.37605155401982,423.17736911773676,-71.2029092113755,-96.39870992345084,423.17736911773676,-66.54962557042498,-95.3266191258136
425.13652360439295,-66.72578734913144,-95.40381819965772,425.13652360439295,-71.22831302397006,-96.42197489129997,425.13652360439295,-66.49473606937326,-95.34002618458986
427.09567809104914,-66.77273707129251,-95.44448300638695,427.09567809104914,-71.07038133741072,-96.41149658746062,427.09567809104914,-66.59479911627186,-95.39608969143963
429.0548325777053,-66.93733882536137,-95.51579615035644,429.0548325777053,-71.15293828597204,-96.44492581397736,429.0548325777053,-66.65308796717248,-95.43989294908938
431.0139870643615,-66.98171400999459,-95.55429829275711,431.0139870643615,-71.4394114488017,-96.51359396943351,431.0139870643615,-66.62731086633207,-95.46058316102231
432.9731415510177,-66.98802145788434,-95.58248079371161,432.9731415510177,-71.54030422800663,-96.54830203490432,432.9731415510177,-66.5930601075675,-95.47885534937636
434.9322960376739,-67.00240720134397,-95.61243739606527,434.9322960376739,-71.64729698180584,-96.58332890899159,434.9322960376739,-66.6751729142214,-95.52770410753185
436.8914505243301,-66.91375326419934,-95.61591245199862,436.8914505243301,-71.65656320648809,-96.6015347923181,436.8914505243301,-66.86410860137079,-95.60322855627318
438.85060501098627,-66.85444108576078,-95.62683257832234,438.85060501098627,-71.68673711592032,-96.62294502972884,438.85060501098627,-66.8542717315751,-95.62678957420458
440.80975949764246,-66.89516608800187,-95.66288915111494,440.80975949764246,-71.69832660551658,-96.64106553871329,440.80975949764246,-66.74626426618441,-95.6253129534778
442.76891398429865,-66.99456314667893,-95.7129624963437,442.76891398429865,-71.49964040982769,-96.62506662073297,442.76891398429865,-66.86366646843952,-95.68053576718467
444.72806847095484,-67.13763843916466,-95.77267731745424,444.72806847095484,-71.32219911811582,-96.61242060076852,444.72806847095484,-66.9651465040709,-95.73078495337883
446.687222957611,-67.21093396949757,-95.81457464174463,446.687222957611,-71.42105749793507,-96.64471994110659,446.687222957611,-66.96860151645899,-95.75645658360897
448.6463774442672,-67.17090726607941,-95.82919706795823,448.6463774442672,-71.44978540739034,-96.665276262442,448.6463774442672,-67.09097966602214,-95.81027381111637
450.6055319309234,-67.11472387878123,-95.83993387936701,450.6055319309234,-71.48541479669403,-96.68663699647043,450.6055319309234,-67.13128899701027,-95.84382216460855
452.5646864175796,-67.10997832918878,-95.86261997151067,452.5646864175796,-71.67756054831004,-96.73168277083876,452.5646864175796,-66.93771937740425,-95.82220883045773
454.5238409042358,-67.2372291920504,-95.91537545305215,454.5238409042358,-71.86752157854939,-96.77509210353998,454.5238409042358,-66.96744117157198,-95.85310450579004
456.482995390892,-67.35856687999772,-95.96570992183841,456.482995390892,-71.83130604641222,-96.78441382529954,456.482995390892,-67.03526284882221,-95.89240014535802
458.44214987754816,-67.26539834780739,-95.96758356457143,458.44214987754816,-71.81385626202587,-96.79640236521492,458.44214987754816,-66.96638904562657,-95.89993023193402
460.40130436420435,-67.17671355398957,-95.97045379006491,460.40130436420435,-71.98374779404908,-96.8350560829937,460.40130436420435,-67.01953462799631,-95.93516813449988
462.36045885086054,-67.25798685330061,-96.01086293759292,462.36045885086054,-72.03716497222996,-96.85651260966597,462.36045885086054,-67.067592788824,-95.96876590521639
464.3196133375167,-67.33958094546014,-96.05065617114542,464.3196133375167,-71.95896410979152,-96.85944861461755,464.3196133375167,-66.97809564410137,-95.97145234972068
466.2787678241729,-67.2542763307533,-96.054129201048,466.2787678241729,-72.04089324728497,-96.88440351746183,466.2787678241729,-67.08034981825095,-96.01640994465073
468.2379223108291,-67.24849601341592,-96.07461616849862,468.2379223108291,-72.40060243303178,-96.94557995887271,468.2379223108291,-67.27528643315854,-96.08032214805307
470.1970767974853,-67.37027945435916,-96.121717537024,470.1970767974853,-72.52855272924822,-96.97479182313101,470.1970767974853,-67.38123980516653,-96.12400593420614
472.1562312841415,-67.50158569681388,-96.16979001360389,472.1562312841415,-72.14693553290293,-96.9383241228215,472.1562312841415,-67.50689273745765,-96.1708746647241
474.1153857707977,-67.67387310417658,-96.22500211550528,474.1153857707977,-71.81860117487739,-96.90800913809382,474.1153857707977,-67.46995240577033,-96.18398030656239
476.07454025745386,-67.64699613690168,-96.239761315892,476.07454025745386,-71.8629134424111,-96.92707409095449,476.07454025745386,-67.36849532499674,-96.1839467652912
478.03369474411005,-67.59874500301274,-96.25021161869222,478.03369474411005,-71.87428623367227,-96.94156774944902,478.03369474411005,-67.4079140159578,-96.21232070954497
479.99284923076624,-67.64378047053079,-96.27879418184412,479.99284923076624,-71.97780047715338,-96.96770092396933,479.99284923076624,-67.38569971641255,-96.22809852308181
481.95200371742243,-67.63105139194631,-96.29589124005551,481.95200371742243,-72.25429986869943,-97.01470667974996,481.95200371742243,-67.39677699382013,-96.25031429812347
483.9111582040786,-67.62060247631683,-96.3132778512892,483.9111582040786,-72.36887508508234,-97.04063210205757,483.9111582040786,-67.5929526359658,-96.30799683058373
485.8703126907348,-67.69444849079906,-96.34638848530005,485.8703126907348,-72.3244805140443,-97.0471611535117,485.8703126907348,-67.7187998747162,-96.35095139475601
487.829467177391,-67.81808759383318,-96.38810972572485,487.829467177391,-72.35484108322875,-97.0624863291978,487.829467177391,-67.69953627898529,-96.36622069678884
489.7886216640472,-67.87189527411752,-96.41634703878564,489.7886216640472,-72.43434383135298,-97.0832916910881,489.7886216640472,-67.65069778536022,-96.37591594740834
491.7477761507034,-67.89190578569988,-96.43813098287535,491.7477761507034,-72.43440453669751,-97.09466320783905,491.7477761507034,-67.68056658209382,-96.39997209105296
493.70693063735956,-67.90696865373138,-96.4587859233307,493.70693063735956,-72.26408318669561,-97.08648287917832,493.70693063735956,-67.6744402718213,-96.41723315717275
495.66608512401575,-67.82969133056282,-96.46300298550587,495.66608512401575,-72.29854464820278,-97.1017326192761,495.66608512401575,-67.638267226239,-96.42895182835176
497.62523961067194,-67.75490606378112,-96.46765579243778,497.62523961067194,-72.47112547252175,-97.13210164967995,497.62523961067194,-67.61472796260934,-96.44285229083135
499.58439409732813,-67.76166936702319,-96.48654168969072,499.58439409732813,-72.44722172368073,-97.1403432329604,499.58439409732813,-67.57775376906423,-96.4542756254632
501.5435485839843,-67.82631874605984,-96.51516500970224,501.5435485839843,-72.39875031192794,-97.1458539962076,501.5435485839843,-67.56427829489422,-96.46975996605829
503.5027030706405,-67.8702932802647,-96.53984512334375,503.5027030706405,-72.62971755550693,-97.18110761679324,503.5027030706405,-67.66485982405665,-96.50484606894297
505.4618575572967,-67.92157731506671,-96.56539365931978,505.4618575572967,-72.75193542854187,-97.20405744759391,505.4618575572967,-67.7651210933173,-96.53919637979237
507.4210120439529,-68.03866456414316,-96.60130270918181,507.4210120439529,-72.54151737397274,-97.19256516386784,507.4210120439529,-67.63268235975605,-96.53395464426447
509.3801665306091,-68.17217381146502,-96.63906238703952,509.3801665306091,-72.51526682261877,-97.20008784633806,509.3801665306091,-67.57282696307682,-96.54098034638312
511.33932101726526,-68.17308968307184,-96.65523008491664,511.33932101726526,-72.78096724156386,-97.23689215322071,511.33932101726526,-67.77694115951299,-96.59169179418932
513.2984755039214,-68.08874272429279,-96.65790712639436,513.2984755039214,-72.89671110003611,-97.25790247636142,513.2984755039214,-67.91950894595759,-96.63111567278844
515.2576299905776,-68.08433198211779,-96.6730688466415,515.2576299905776,-72.82520475920023,-97.26055916734407,515.2576299905776,-68.06494434075411,-96.67005156045612
517.2167844772338,-68.10670416930199,-96.69220925987045,517.2167844772338,-72.9435056197754,-97.28126740759475,517.2167844772338,-68.2434387917306,-96.71306693153112
519.17593896389,-68.1588678974495,-96.71563176940191,519.17593896389,-72.98143119344742,-97.29407097891821,519.17593896389,-68.22764443853228,-96.72599703122573
521.1350934505462,-68.32628143338846,-96.75576654062749,521.1350934505462,-72.78303404751681,-97.28482174628283,521.1350934505462,-68.06605891522668,-96.71696182239802
523.0942479372023,-68.31584286743028,-96.76912454534771,523.0942479372023,-72.81750588718077,-97.29726040886199,523.0942479372023,-68.0218078484694,-96.72561241012694
525.0534024238585,-68.13051990908203,-96.75687962925835,525.0534024238585,-73.06288260479535,-97.32849749824888,525.0534024238585,-68.18596549149936,-96.76500817668926
527.0125569105147,-68.17710345721352,-96.77852982905802,527.0125569105147,-73.1891353570968,-97.34831687711932,527.0125569105147,-68.23276354324537,-96.78656838834371
528.9717113971709,-68.2896167651077,-96.80924085811897,528.9717113971709,-73.24809853515137,-97.36193488990901,528.9717113971709,-68.1129492208705,-96.78398151166382
530.9308658838271,-68.27595651490013,-96.82169074054356,530.9308658838271,-73.15912575408036,-97.36281604060183,530.9308658838271,-68.2004282410204,-96.81104328256474
532.8900203704833,-68.2962164347334,-96.8387524151272,532.8900203704833,-72.94483974138517,-97.35298009095777,532.8900203704833,-68.4371180659829,-96.85815979532993
534.8491748571395,-68.29660730042326,-96.85288827406654,534.8491748571395,-72.77088219175718,-97.3465586354316,534.8491748571395,-68.56748033418137,-96.88956791717226
536.8083293437957,-68.29949460084707,-96.86722654653678,536.8083293437957,-72.88005265661715,-97.364492281033,536.8083293437957,-68.5464474937899,-96.90034526527624
538.7674838304519,-68.37897454288424,-96.89166958890817,538.7674838304519,-73.08117430445505,-97.38961459318574,538.7674838304519,-68.39339697525732,-96.89359038715006
540.726638317108,-68.40236689748278,-96.90831400303111,540.726638317108,-73.21078556077883,-97.40822322397271,540.726638317108,-68.33395221571283,-96.89928239609398
542.6857928037642,-68.4082676565239,-96.92248221860423,542.6857928037642,-73.20646998632981,-97.41583430402676,542.6857928037642,-68.41433887342086,-96.92327179411566
544.6449472904204,-68.43059225382294,-96.93861592935892,544.6449472904204,-73.0990740637981,-97.41524605601016,544.6449472904204,-68.35382158921485,-96.92871877981311
546.6041017770766,-68.36518587733813,-96.94338401992212,546.6041017770766,-73.16103587268901,-97.42797632319093,546.6041017770766,-68.3788951189965,-96.94513612653843
548.5632562637328,-68.41643630895321,-96.96292091511035,548.5632562637328,-73.11405848821464,-97.43210658833706,548.5632562637328,-68.48205206849292,-96.97115328392697
550.522410750389,-68.6231050728381,-97.0012657545631,550.522410750389,-73.00810428755315,-97.43167394001895,550.522410750389,-68.39602848715191,-96.97325149678791
552.4815652370452,-68.70387105717055,-97.02344792247789,552.4815652370452,-72.98214993673352,-97.43741738632804,552.4815652370452,-68.32540271471291,-96.97728028688007
554.4407197237014,-68.57698620699912,-97.02058429602508,554.4407197237014,-73.24393599754771,-97.46466826716517,554.4407197237014,-68.39935323908419,-96.99909244148063
556.3998742103576,-68.56711892333264,-97.03171234564749,556.3998742103576,-73.4076628872898,-97.4838755769136,556.3998742103576,-68.57792414280448,-97.0329945277006
558.3590286970137,-68.63091317868606,-97.05137407705287,558.3590286970137,-73.44645352977061,-97.49378262876212,558.3590286970137,-68.61951495076346,-97.05004333183732
560.3181831836699,-68.69614987297052,-97.0708742956416,560.3181831836699,-73.47769221453456,-97.50301852975439,560.3181831836699,-68.53100633850596,-97.05178061154017
562.2773376703261,-68.67869186236946,-97.08069209845934,562.2773376703261,-73.43047083875103,-97.50673178559816,562.2773376703261,-68.53394156561501,-97.06412648222566
564.2364921569823,-68.58507721206084,-97.08183131350364,564.2364921569823,-73.51113430959118,-97.51914490637361,564.2364921569823,-68.60356453891373,-97.08392647563878
566.1956466436385,-68.56459119069193,-97.09124230462649,566.1956466436385,-73.54321857014773,-97.52808570718605,566.1956466436385,-68.68603756322996,-97.1048119557299
568.1548011302947,-68.68571894375847,-97.11625303275285,568.1548011302947,-73.42896268882974,-97.52721756555394,568.1548011302947,-68.7200260154694,-97.12001412274462
570.1139556169509,-68.7997724725876,-97.13993507679474,570.1139556169509,-73.36415653291598,-97.5296556935652,570.1139556169509,-68.65321169100726,-97.12408325216488
572.0731101036071,-68.73019849183925,-97.14364464758434,572.0731101036071,-73.32355654637249,-97.53369301301454,572.0731101036071,-68.62394710098425,-97.13222200679633
574.0322645902633,-68.70378037304282,-97.15194541066273,574.0322645902633,-73.3627290920024,-97.54290976644269,574.0322645902633,-68.69222217479053,-97.15071927024249
575.9914190769194,-68.86480481199251,-97.17971100954615,575.9914190769194,-73.47279774567976,-97.55649823183353,575.9914190769194,-68.72385368653586,-97.16507075772219
577.9505735635756,-68.97766700363997,-97.20188247931452,577.9505735635756,-73.61408964346508,-97.57170373650588,577.9505735635756,-68.72104571207898,-97.1756746193388
579.9097280502318,-68.94846378751805,-97.20946802511301,579.9097280502318,-73.79204624547374,-97.58870380605777,579.9097280502318,-68.77214599883597,-97.19168358844189
581.868882536888,-68.95345377936553,-97.22039333893541,581.868882536888,-73.83985032120664,-97.59759033725734,581.868882536888,-68.88590551816077,-97.21369806555643
583.8280370235442,-69.01798509901903,-97.23700120666471,583.8280370235442,-73.74674854489065,-97.59813114181611,583.8280370235442,-68.86580391402322,-97.2221217587651
585.7871915102004,-69.05988014913665,-97.25116763631002,585.7871915102004,-73.64046894716252,-97.59791349394666,585.7871915102004,-68.85776553194226,-97.2316639517849
587.7463459968566,-69.04039451237226,-97.25934091962314,587.7463459968566,-73.52473836823302,-97.59715717651028,587.7463459968566,-68.88396977822123,-97.24442299177362
589.7055004835128,-69.05539316486173,-97.27068231935043,589.7055004835128,-73.45386423439929,-97.59904431513135,589.7055004835128,-68.85570074035495,-97.25184185255222
591.664654970169,-69.07818142707431,-97.28261211754514,591.664654970169,-73.60676426716724,-97.61380240243838,591.664654970169,-68.80568851499687,-97.25716037800126
593.6238094568251,-69.06429122655838,-97.29105782919775,593.6238094568251,-73.61959671106037,-97.62035968716862,593.6238094568251,-68.82049605867307,-97.26854871646444
595.5829639434813,-68.9787061560555,-97.29294414475937,595.5829639434813,-73.53765777487874,-97.62157330952094,595.5829639434813,-68.93582120336248,-97.28903635514499
597.5421184301375,-69.00295898956215,-97.30475123974792,597.5421184301375,-73.70468470219247,-97.63647691015392,597.5421184301375,-68.95033832768652,-97.30002121876174
599.5012729167937,-69.1760018119441,-97.32945837106705,599.5012729167937,-73.78706212187757,-97.6464689515594,599.5012729167937,-68.90477004877587,-97.30551965303084
601.4604274034499,-69.28709379206711,-97.34820228509264,601.4604274034499,-73.74486032652382,-97.64974285052895,601.4604274034499,-68.99949411516968,-97.32338366461497
603.4195818901061,-69.3326883239614,-97.36107008443764,603.4195818901061,-73.7607836148079,-97.65603444266645,603.4195818901061,-69.06713336537675,-97.33855590830296
605.3787363767623,-69.31019305168934,-97.36812493503632,605.3787363767623,-73.88413479087193,-97.6677211445512,605.3787363767623,-69.03558470366028,-97.34505005317318
607.3378908634185,-69.21971859502787,-97.36953695671235,607.3378908634185,-73.89123464880642,-97.67334508480221,607.3378908634185,-69.08438598841224,-97.35827423957632
609.2970453500747,-69.1881907723886,-97.3758136143295,609.2970453500747,-73.8393536947361,-97.67598885920228,609.2970453500747,-69.1491938300716,-97.37261207409914
611.2561998367308,-69.169071054987,-97.38306544610823,611.2561998367308,-73.8634965093218,-97.6823628912536,611.2561998367308,-69.11111375699144,-97.37834930021164
613.215354323387,-69.1970295396142,-97.39403904876048,613.215354323387,-73.79480458620743,-97.68415741640736,613.215354323387,-69.0945652068394,-97.38580503664664
615.1745088100432,-69.32160414641261,-97.41243817707428,615.1745088100432,-73.68677259874569,-97.68404835793694,615.1745088100432,-69.18814558180237,-97.40196288291634
617.1336632966994,-69.36130678013699,-97.42391572021023,617.1336632966994,-73.83839920098673,-97.6964025627816,617.1336632966994,-69.27434776682094,-97.4172167470036
619.0928177833556,-69.37250590906405,-97.4330732432544,619.0928177833556,-74.1951407930254,-97.71771883736157,619.0928177833556,-69.30432265363574,-97.42789504073676
621.0519722700118,-69.39477035297672,-97.44295568089532,621.0519722700118,-74.29590709289072,-97.72689633652365,621.0519722700118,-69.28387051130309,-97.43463551417527
623.011126756668,-69.26773002389153,-97.44165287254901,623.011126756668,-74.04985342252328,-97.72073452260156,623.011126756668,-69.16064530484287,-97.43360946326268
624.9702812433242,-69.19467046718351,-97.44439931020119,624.9702812433242,-73.97986186055289,-97.72237162080887,624.9702812433242,-69.15510017570652,-97.44145076312401
626.9294357299804,-69.29359620960876,-97.4597732619699,626.9294357299804,-74.13367677797554,-97.73375115312069,626.9294357299804,-69.2527645499541,-97.45679904289418
628.8885902166365,-69.37690943030339,-97.47370800176951,628.8885902166365,-74.1032071019305,-97.73704002600007,628.8885902166365,-69.259646675017,-97.46531120269478
630.8477447032927,-69.4846783223616,-97.48906977274204,630.8477447032927,-74.1176449519689,-97.7422008769809,630.8477447032927,-69.20441361901422,-97.46930185007608
632.8068991899489,-69.49683808343019,-97.4975666967783,632.8068991899489,-74.34314871473637,-97.75593009429602,632.8068991899489,-69.21238828585535,-97.47777163184757
634.7660536766051,-69.43168280881738,-97.50072027420926,634.7660536766051,-74.468032091331,-97.76521798979594,634.7660536766051,-69.19209841268027,-97.48417779605836
636.7252081632613,-69.46053781408897,-97.51022130487227,636.7252081632613,-74.34177759294448,-97.76451186206783,636.7252081632613,-69.17682335815729,-97.49088828640265
638.6843626499175,-69.47545301072131,-97.51867402096848,638.6843626499175,-74.22539790559546,-97.76421079463833,638.6843626499175,-69.3849035581401,-97.51265320277585
640.6435171365737,-69.47801900178162,-97.52622278642464,640.6435171365737,-74.02602552250417,-97.76064188160592,640.6435171365737,-69.57224195363005,-97.5323467304284
642.6026716232299,-69.55083525080369,-97.53820967980758,642.6026716232299,-73.91052632000353,-97.76040925738951,642.6026716232299,-69.53462754279718,-97.5371714625988
644.561826109886,-69.65535645587822,-97.55195702694449,644.561826109886,-74.08060261954029,-97.77136466915273,644.561826109886,-69.4203024923269,-97.53708157403553
646.5209805965422,-69.64208405195505,-97.55816480353991,646.5209805965422,-74.2892172435254,-97.78341794317127,646.5209805965422,-69.4879430627144,-97.54856163285886
648.4801350831984,-69.59313563206572,-97.56214110632462,648.4801350831984,-74.3342437384749,-97.78913626179174,648.4801350831984,-69.56718255873756,-97.56054735066039
650.4392895698546,-69.6227665786732,-97.57087329083207,650.4392895698546,-74.18008379476846,-97.78755020119222,650.4392895698546,-69.48056443658504,-97.56222539765574
652.3984440565108,-69.61801323125769,-97.57744149181727,652.3984440565108,-74.01198591743308,-97.78546312234299,652.3984440565108,-69.43459276700683,-97.56639931780997
654.357598543167,-69.60947357718963,-97.58372791095391,654.357598543167,-73.97786353717342,-97.78830529446009,654.357598543167,-69.50659120793779,-97.57763482459863
656.3167530298232,-69.65200681632199,-97.59292507211808,656.3167530298232,-74.17904986950015,-97.79952446468336,656.3167530298232,-69.62906418529363,-97.5915957968124
658.2759075164794,-69.68083915332844,-97.60120268461333,658.2759075164794,-74.40041458817,-97.81104158572032,658.2759075164794,-69.64214849075667,-97.5989950552665
660.2350620031356,-69.60861913802472,-97.60367607855777,660.2350620031356,-74.28963034407751,-97.81109990516717,660.2350620031356,-69.5631977248355,-97.60109703781205
662.1942164897918,-69.53941014792224,-97.60633061497813,662.1942164897918,-74.15473080073423,-97.81035829989209,662.1942164897918,-69.46719878429502,-97.60224749301526
664.153370976448,-69.60046954312008,-97.61623901439455,664.153370976448,-74.31666316257838,-97.81954416112899,664.153370976448,-69.4952455179606,-97.61039556787549
666.1125254631041,-69.73428214639576,-97.62989557471894,666.1125254631041,-74.47134775412444,-97.82822196557066,666.1125254631041,-69.64696242941723,-97.62518407242125
668.0716799497603,-69.81108376832668,-97.64020850277512,668.0716799497603,-74.3962271330709,-97.82945708294888,668.0716799497603,-69.70618710461848,-97.6346647620831
670.0308344364165,-69.80090788137456,-97.64582623086216,670.0308344364165,-74.35999793546512,-97.83192375376588,670.0308344364165,-69.68143972893667,-97.63958446103499
671.9899889230727,-69.82818292987461,-97.65331399538329,671.9899889230727,-74.49524828844946,-97.83965830474635,671.9899889230727,-69.65961619138847,-97.64462714288086
673.9491434097289,-69.85497378106545,-97.66067669344365,673.9491434097289,-74.48905323936827,-97.84295975246968,673.9491434097289,-69.68609447763318,-97.65211542103295
675.9082978963851,-69.81319814334414,-97.66454030153604,675.9082978963851,-74.40585139718428,-97.84393491572996,675.9082978963851,-69.7613966476799,-97.66195440638703
677.8674523830413,-69.76686218673495,-97.66816783854543,677.8674523830413,-74.50826953290657,-97.85039758116746,677.8674523830413,-69.72030267449972,-97.66586408537165
679.8266068696975,-69.8301192209961,-97.67711872898572,679.8266068696975,-74.67632588154659,-97.85856992037054,679.8266068696975,-69.55019587404183,-97.66337582571032
681.7857613563536,-69.92713172239408,-97.68750303740397,681.7857613563536,-74.67230969351309,-97.86173585240624,681.7857613563536,-69.48169461561375,-97.66596518551742
683.7449158430098,-69.83400535214733,-97.6888102999324,683.7449158430098,-74.5592125558582,-97.86185405739646,683.7449158430098,-69.63482328485615,-97.67934342207576
685.704070329666,-69.72273620891971,-97.68928746179108,685.704070329666,-74.56766533410652,-97.8653436930877,685.704070329666,-69.82847644466447,-97.69422147614603
687.6632248163222,-69.80806843895736,-97.69890238947599,687.6632248163222,-74.63900247714436,-97.87048596854525,687.6632248163222,-69.87492699856661,-97.70195671354935
689.6223793029784,-69.91440003341424,-97.70925548883264,689.6223793029784,-74.75202602932524,-97.87661681313985,689.6223793029784,-69.85781026033939,-97.70671874010083
691.5815337896346,-69.93417214141425,-97.71557762648197,691.5815337896346,-74.81566068838471,-97.8813359553606,691.5815337896346,-69.85725161038944,-97.71218134041146
693.5406882762908,-69.91909884647589,-97.72030963845175,693.5406882762908,-74.60502618119192,-97.87900191060734,693.5406882762908,-69.82672125753253,-97.7162781027093
695.499842762947,-69.97193009614905,-97.72790667899557,695.499842762947,-74.52271023041975,-97.87997997763496,695.499842762947,-69.80350343362745,-97.72067179085192
697.4589972496032,-70.00277924524194,-97.73445600476074,697.4589972496032,-74.78100862522433,-97.88949400745611,697.4589972496032,-69.74156516100707,-97.72337547460167
699.4181517362593,-70.00171096395545,-97.73959878284244,699.4181517362593,-74.86958183493405,-97.89458070404919,699.4181517362593,-69.6718013577883,-97.72574961360874
701.3773062229155,-70.03847862157531,-97.74622556088292,701.3773062229155,-74.83069562123657,-97.89655350875898,701.3773062229155,-69.70646997319872,-97.73254211659271
703.3364607095717,-70.02728989737325,-97.7508425819755,703.3364607095717,-74.92333161500721,-97.90158351917859,703.3364607095717,-69.76827184088924,-97.74035080814204
705.2956151962279,-70.03747823972799,-97.75626285036579,705.2956151962279,-74.89529927133941,-97.90375970573481,705.2956151962279,-69.87820180820621,-97.74994687084117
707.2547696828841,-70.0928604169172,-97.76336512274482,707.2547696828841,-74.74746950908394,-97.90320007504303,707.2547696828841,-70.01718734702077,-97.76043973212445
709.2139241695403,-70.08390353728888,-97.76790798595131,709.2139241695403,-74.64076700663965,-97.90359713875782,709.2139241695403,-70.03390064684393,-97.76600409572269
711.1730786561965,-70.01927477100722,-97.77032038563158,711.1730786561965,-74.66037646094503,-97.90686269909494,711.1730786561965,-69.99097174709593,-97.76925225496392
713.1322331428527,-69.96649170833513,-97.77318150776642,713.1322331428527,-74.83193463651843,-97.9134065665171,713.1322331428527,-69.96586802360451,-97.77315821852268
715.0913876295089,-69.94647130611214,-97.77725128824409,715.0913876295089,-74.97073088188519,-97.91905031351193,715.0913876295089,-69.93203639592878,-97.77671870026961
717.050542116165,-70.02102383295976,-97.78471717167977,717.050542116165,-74.96817823492955,-97.92162911037136,717.050542116165,-69.91627713324297,-97.78092263506524
719.0096966028212,-70.10345897938934,-97.79230914345847,719.0096966028212,-74.92391134159072,-97.92332976755618,719.0096966028212,-69.93108016113204,-97.7861915563104
720.9688510894774,-70.17758991641023,-97.79945455409391,720.9688510894774,-74.88051379227302,-97.92504441682826,720.9688510894774,-69.91810220310369,-97.79041543983546
722.9280055761336,-70.3122792895722,-97.80847891152574,722.9280055761336,-74.83308127379202,-97.92667410728572,722.9280055761336,-69.95435189005727,-97.79631616633706
724.8871600627898,-70.29950855803718,-97.81244893014333,724.8871600627898,-74.88454084847824,-97.93025446276879,724.8871600627898,-70.01503419937052,-97.80295570719281
726.846314549446,-70.22597464458731,-97.81441196072367,726.846314549446,-74.91823831725908,-97.93342894752524,726.846314549446,-70.11146742099862,-97.81065447149592
728.8054690361022,-70.19500190644094,-97.8177593457259,728.8054690361022,-74.98990211743003,-97.93726969435764,728.8054690361022,-70.24162415278134,-97.81925723319574
730.7646235227584,-70.09287898505497,-97.81881687688006,730.7646235227584,-74.94611008282732,-97.93889758630914,730.7646235227584,-70.24791104819512,-97.82374650761736
732.7237780094146,-70.09626545169864,-97.82324481172687,732.7237780094146,-74.78195524411107,-97.938292612325,732.7237780094146,-70.12757238753653,-97.82423109888029
734.6829324960707,-70.21259645130351,-97.83110976780927,734.6829324960707,-74.74659360938531,-97.94009304187271,734.6829324960707,-70.04472050174097,-97.82591400269814
736.6420869827269,-70.30304244322842,-97.83799906618242,736.6420869827269,-74.82342881738828,-97.94391493979228,736.6420869827269,-70.07395474549847,-97.83106755242841
738.6012414693831,-70.3517573323572,-97.84351442593733,738.6012414693831,-74.87942497317307,-97.94728888052992,738.6012414693831,-70.10123986298724,-97.8360869663091
740.5603959560393,-70.34414991483371,-97.84731735982966,740.5603959560393,-74.9058052823934,-97.95008990479806,740.5603959560393,-70.05257230201236,-97.83878438802738
742.5195504426955,-70.34153557055086,-97.85122675854224,742.5195504426955,-74.89579315622512,-97.95223355637653,742.5195504426955,-70.10938594793512,-97.84456296896239
744.4787049293517,-70.3406114925375,-97.85514400513134,744.4787049293517,-74.84389692855638,-97.95365649535631,744.4787049293517,-70.19810676421974,-97.85113970275438
746.4378594160079,-70.25710645131838,-97.85674562308216,746.4378594160079,-74.8499910688734,-97.95603857955841,746.4378594160079,-70.17461879412137,-97.85445199679019
748.3970139026641,-70.20009452002166,-97.85908754269525,748.3970139026641,-74.89295654325647,-97.9589893588086,748.3970139026641,-70.09379670817356,-97.85615797348356
750.3561683893203,-70.20357146465369,-97.86306470436432,750.3561683893203,-75.0065029620398,-97.9629998690322,750.3561683893203,-70.05406562603501,-97.85900429366282
752.3153228759764,-70.25268121396037,-97.86820254005502,752.3153228759764,-75.20080930951212,-97.9681263578373,752.3153228759764,-70.07254842463067,-97.86341003145758
754.2744773626326,-70.32900599554351,-97.87394885359744,754.2744773626326,-75.19187687726378,-97.97008570298588,754.2744773626326,-70.15230341553105,-97.86936676032573
756.2336318492888,-70.34908056449123,-97.87815971202095,756.2336318492888,-75.10564324280449,-97.97089375606079,756.2336318492888,-70.19791232208637,-97.87432016605523
758.192786335945,-70.3807640862001,-97.88259912823564,758.192786335945,-75.1303410208136,-97.97332106199939,758.192786335945,-70.20106214396837,-97.8781212266816
760.1519408226012,-70.40015000225969,-97.88667239371676,760.1519408226012,-75.23857369153237,-97.97688786091973,760.1519408226012,-70.22220941227954,-97.88232422780239
762.1110953092574,-70.39307830630989,-97.89006098274938,762.1110953092574,-75.32605710929161,-97.98007845781514,762.1110953092574,-70.2581234227753,-97.88682535557456
764.0702497959136,-70.44434074613748,-97.89477729784056,764.0702497959136,-75.22187006416449,-97.9806253517191,764.0702497959136,-70.23922789277873,-97.88995370949047
766.0294042825698,-70.44129935861642,-97.89816983434228,766.0294042825698,-75.0633859689026,-97.98045054076218,766.0294042825698,-70.22717879240193,-97.89321826113138
767.988558769226,-70.34712048430183,-97.89947016288032,767.988558769226,-75.03359297323436,-97.9820226353865,767.988558769226,-70.34692713204063,-97.89946577674061
769.9477132558821,-70.26230304016909,-97.90099680384985,769.9477132558821,-75.02359193180146,-97.98384582916377,769.9477132558821,-70.37173302558949,-97.90344342239982
771.9068677425383,-70.26143253899059,-97.90439940547054,771.9068677425383,-74.92341711733044,-97.98448206968054,771.9068677425383,-70.27028716333915,-97.90459496092181
773.8660222291945,-70.31848352977126,-97.90901774499856,773.8660222291945,-74.88786582588571,-97.98596286670167,773.8660222291945,-70.25236810357042,-97.90758700582617
775.8251767158507,-70.3809127674197,-97.91365912073758,775.8251767158507,-74.98929578818957,-97.98915875769885,775.8251767158507,-70.22931891429673,-97.91044520529573
777.7843312025069,-70.43865381859453,-97.91811016803251,777.7843312025069,-75.06311911311263,-97.99193703226865,777.7843312025069,-70.26280011894082,-97.91446877926171
779.7434856891631,-70.44203450183458,-97.92138313986199,779.7434856891631,-75.07242252817689,-97.99388797490757,779.7434856891631,-70.34336944239935,-97.91938718859954
781.7026401758193,-70.41610866989828,-97.92403812913693,781.7026401758193,-75.10860882748739,-97.99612686748225,781.7026401758193,-70.31828843632053,-97.92209037650233
783.6617946624755,-70.46739420820674,-97.92817319834938,783.6617946624755,-75.15427216133622,-97.99843499999236,783.6617946624755,-70.30711880306404,-97.92504857292784
785.6209491491317,-70.54308084333019,-97.93268873222088,785.6209491491317,-75.13241969405426,-97.99994912489538,785.6209491491317,-70.38030221218906,-97.92960115193554
787.5801036357879,-70.54494523910111,-97.93574768923719,787.5801036357879,-75.15623367566566,-98.00195176554412,787.5801036357879,-70.35914714422587,-97.932286620168
789.539258122444,-70.53882502330546,-97.93862619962977,789.539258122444,-75.22052162310933,-98.00435481683922,789.539258122444,-70.33763512081768,-97.9349443964735
791.4984126091002,-70.5780481836739,-97.94227746532144,791.4984126091002,-75.25680457449157,-98.00641586012085,791.4984126091002,-70.37860521217404,-97.93871425515492
793.4575670957564,-70.59697977462324,-97.94551406568308,793.4575670957564,-75.25465941756023,-98.0080503284818,793.4575670957564,-70.33671050083551,-97.94094862583572
795.4167215824126,-70.58849470311709,-97.9482388873899,795.4167215824126,-75.19875218098866,-98.00912765836408,795.4167215824126,-70.29102584487508,-97.94310752992956
797.3758760690688,-70.56179722237785,-97.9506322203207,797.3758760690688,-75.19780111640488,-98.0107472052959,797.3758760690688,-70.3369561003005,-97.94683462977594
799.335030555725,-70.52424805915732,-97.95283050453138,799.335030555725,-75.19096883885437,-98.01229091897122,799.335030555725,-70.44590794107566,-97.95153898995838
801.2941850423812,-70.49496104740628,-97.95515098597247,801.2941850423812,-75.16597676124393,-98.0136458218274,801.2941850423812,-70.48098118287042,-97.95492522635499
803.2533395290374,-70.52952275262332,-97.95846483539039,803.2533395290374,-75.18511402481467,-98.01540081613561,803.2533395290374,-70.37942330931509,-97.95608103332123
805.2124940156936,-70.55908980311358,-97.9616442853563,805.2124940156936,-75.29656106588646,-98.01796117524604,805.2124940156936,-70.36885307831756,-97.9586880645897
807.1716485023497,-70.5789398415957,-97.96462465980754,807.1716485023497,-75.37563573190918,-98.02016708519126,807.1716485023497,-70.44592428136646,-97.96261144859855
809.1308029890059,-70.6042128968596,-97.9676389077228,809.1308029890059,-75.24947103769576,-98.02056591458965,809.1308029890059,-70.4780594549353,-97.96577543414044
811.0899574756621,-70.57232690311403,-97.96978321098004,811.0899574756621,-75.13142096597362,-98.02104651125228,811.0899574756621,-70.5670574449561,-97.96970725775978
813.0491119623183,-70.55289147032452,-97.97208943866141,813.0491119623183,-75.17517907432625,-98.02290196989992,813.0491119623183,-70.62316589963874,-97.97307880061484
815.0082664489745,-70.58325654487763,-97.97506327767692,815.0082664489745,-75.20246493492354,-98.02458718143724,815.0082664489745,-70.58773673488349,-97.97512501819143
816.9674209356307,-70.59470808994251,-97.97773124767636,816.9674209356307,-75.16119880553282,-98.02569695462805,816.9674209356307,-70.59427454316413,-97.97772540827312
818.9265754222869,-70.6535545406781,-97.98098263401289,818.9265754222869,-75.12686455437787,-98.02685594246782,818.9265754222869,-70.5864865077139,-97.98010158553834
820.8857299089431,-70.68690518743279,-97.98383897405331,820.8857299089431,-75.1534392070592,-98.02847598498063,820.8857299089431,-70.58682287708837,-97.98255567604659
822.8448843955993,-70.62771680519444,-97.98548854633806,822.8448843955993,-75.25100899052748,-98.03059620252661,822.8448843955993,-70.61172103467075,-97.98528761884741
824.8040388822554,-70.61582142966147,-97.98771839324482,824.8040388822554,-75.37362565666999,-98.03283674694087,824.8040388822554,-70.61792900596991,-97.98774428011932
826.7631933689116,-70.66219222036983,-97.99062210624614,826.7631933689116,-75.35901497140644,-98.03405574006254,826.7631933689116,-70.58650769866907,-97.98971437624529
828.7223478555678,-70.65348041708295,-97.99282557524727,828.7223478555678,-75.33430740545388,-98.03519282469426,828.7223478555678,-70.5275012912911,-97.99134359680912
830.681502342224,-70.61096296683687,-97.99461660436327,830.681502342224,-75.36673028140021,-98.03670192307978,830.681502342224,-70.53197628027056,-97.99370700849042
832.6406568288802,-70.6295423036889,-97.99708294116729,832.6406568288802,-75.37077896294137,-98.03799859393528,832.6406568288802,-70.54403954986539,-97.9961230471072
834.5998113155364,-70.6655128087963,-97.99969800797237,834.5998113155364,-75.29718212359788,-98.0387820403896,834.5998113155364,-70.52573647307264,-97.99816749141057
836.5589658021926,-70.68333608933686,-98.00207106376376,836.5589658021926,-75.2138926467106,-98.03950608977145,836.5589658021926,-70.54931707135242,-98.00064207649382
838.5181202888488,-70.68499948016401,-98.00423833425529,838.5181202888488,-75.24987545797178,-98.04096970597982,838.5181202888488,-70.58207100384084,-98.00316950074402
840.477274775505,-70.6519697123643,-98.0060253503146,840.477274775505,-75.297207802276,-98.04247200208074,840.477274775505,-70.59236864317428,-98.0054207946952
842.4364292621611,-70.61629735511089,-98.00777223203438,842.4364292621611,-75.41327560022238,-98.04433672924304,842.4364292621611,-70.61197672410698,-98.007729450992
844.3955837488173,-70.63095002195853,-98.00999243672265,844.3955837488173,-75.55402107329543,-98.0462781715373,844.3955837488173,-70.59082574008868,-98.00960493547024
846.3547382354735,-70.66464975472086,-98.01235447542783,846.3547382354735,-75.42453484493846,-98.04670659138608,846.3547382354735,-70.58343989600603,-98.01159117334865
848.3138927221297,-70.66894038285417,-98.01440265884061,848.3138927221297,-75.21491980996551,-98.04671241185659,848.3138927221297,-70.59964295255838,-98.01376873436101
850.2730472087859,-70.7355446472132,-98.01697092040433,850.2730472087859,-75.24058718961297,-98.04798881653466,850.2730472087859,-70.55534097591554,-98.01536714456171
852.2322016954421,-70.83930947968904,-98.01979106249972,852.2322016954421,-75.41565263887681,-98.04999794935897,852.2322016954421,-70.58125002928433,-98.01757102100213
854.1913561820983,-70.9068153375915,-98.02222960143057,854.1913561820983,-75.56909336505773,-98.05182243679015,854.1913561820983,-70.66087627321747,-98.0201871863309
856.1505106687545,-70.8848563656569,-98.02389538132294,856.1505106687545,-75.59324959374936,-98.05298003122687,856.1505106687545,-70.67880158147973,-98.02222977514961
858.1096651554107,-70.78255982474849,-98.02491408479723,858.1096651554107,-75.54799816828972,-98.05380044404995,858.1096651554107,-70.72018553943813,-98.02442190451642
860.0688196420668,-70.74869244485227,-98.02646765375691,860.0688196420668,-75.50486212636356,-98.05462508405353,860.0688196420668,-70.7452699513089,-98.02644137822776
862.027974128723,-70.7409363681442,-98.02820246931921,862.027974128723,-75.50854759429492,-98.05564714649836,862.027974128723,-70.7204206161734,-98.02804907121866
863.9871286153792,-70.64378615668943,-98.02926030975732,863.9871286153792,-75.6004932412753,-98.0570218304225,863.9871286153792,-70.7911474990276,-98.03033263951066
865.9462831020354,-70.63133651480025,-98.03093118195838,865.9462831020354,-75.62556823614185,-98.05808662479836,865.9462831020354,-70.8157489993024,-98.03223380849593
867.9054375886916,-70.73933773725005,-98.03340978545238,867.9054375886916,-75.49631158085029,-98.05852263298993,867.9054375886916,-70.71063558007681,-98.03321296276056
869.8645920753478,-70.77243992228935,-98.0353145121103,869.8645920753478,-75.41399970756542,-98.05914932235848,869.8645920753478,-70.68574346589006,-98.03473775628365
871.823746562004,-70.76632743055471,-98.03692679225034,871.823746562004,-75.45775247691216,-98.06025364961533,871.823746562004,-70.74177505412139,-98.03676877979535
873.7829010486602,-70.84448734533605,-98.0390376039948,873.7829010486602,-75.50959147998391,-98.06136110524565,873.7829010486602,-70.70233346324501,-98.03815236930879
875.7420555353164,-70.87934082413908,-98.04083007500141,875.7420555353164,-75.46510048706371,-98.0621029083836,875.7420555353164,-70.64476173692509,-98.03941224028182
877.7012100219725,-70.83277050524015,-98.04211159143833,877.7012100219725,-75.4532942525688,-98.06295066049944,877.7012100219725,-70.69615680634179,-98.04131182209346
879.6603645086287,-70.88071956439991,-98.043914191937,879.6603645086287,-75.52500016756886,-98.06406150279521,879.6603645086287,-70.74496283597223,-98.04314880430594
881.6195189952849,-70.9031660608864,-98.0455343283858,881.6195189952849,-75.56189187456192,-98.06503023224737,881.6195189952849,-70.71433761212998,-98.0445033852653
883.5786734819411,-70.83112848471514,-98.04662518084916,883.5786734819411,-75.50717806893445,-98.06569516993535,883.5786734819411,-70.72287583645141,-98.04605133221847
885.5378279685973,-70.7966068290611,-98.04790446241263,885.5378279685973,-75.45551385324868,-98.06636466631477,885.5378279685973,-70.77164289895366,-98.04777661143999
887.4969824552535,-70.80487668938517,-98.04938076989735,887.4969824552535,-75.46137261083489,-98.06719598183733,887.4969824552535,-70.81685356676616,-98.0494398656461
889.4561369419097,-70.8682023122118,-98.05108977355489,889.4561369419097,-75.49663508286348,-98.068093346276,889.4561369419097,-70.83844920743744,-98.05094866975347
891.4152914285659,-70.98254596801281,-98.05298073822729,891.4152914285659,-75.53417639599476,-98.06897486700484,891.4152914285659,-70.83594370495422,-98.05231389922376
893.374445915222,-71.01160385735942,-98.05443490895662,893.374445915222,-75.56628832110832,-98.06982029662514,893.374445915222,-70.81935330462959,-98.05359190443129
895.3336004018782,-70.9575687818909,-98.05550658173081,895.3336004018782,-75.53244090400439,-98.07048147289713,895.3336004018782,-70.7813630217093,-98.05475774396055
897.2927548885344,-70.92374064837823,-98.05665084048775,897.2927548885344,-75.51761334101494,-98.07117985787002,897.2927548885344,-70.73143807335352,-98.05585966529412
899.2519093751906,-70.9067706732197,-98.0578460302039,899.2519093751906,-75.53412742256319,-98.0719389296923,899.2519093751906,-70.72496287023813,-98.05712488471102
901.2110638618468,-70.92792385515745,-98.05916505225092,901.2110638618468,-75.53515070148,-98.07264633434136,901.2110638618468,-70.74524053358283,-98.05846952760376
903.170218348503,-70.93740159845854,-98.06041052216152,903.170218348503,-75.53972218122853,-98.0733468697477,903.170218348503,-70.75941606459332,-98.05975990343099
905.1293728351592,-70.88584192304316,-98.06141572629855,905.1293728351592,-75.61928637072296,-98.07418535720821,905.1293728351592,-70.75659075948596,-98.0609604075278
907.0885273218154,-70.87326567553896,-98.06254090181272,907.0885273218154,-75.66750543879533,-98.07493459918066,907.0885273218154,-70.80822042561144,-98.06232143666963
909.0476818084716,-70.93790599235034,-98.0638928705912,909.0476818084716,-75.5249214799594,-98.07530505194991,909.0476818084716,-70.86608357836573,-98.06366206591419
911.0068362951278,-70.99484522544851,-98.06517783241587,911.0068362951278,-75.4701596539392,-98.07584058873951,911.0068362951278,-70.8065813389904,-98.06459795448521
912.965990781784,-70.97715304549956,-98.06620515264605,912.965990781784,-75.60492364282479,-98.07669912057801,912.965990781784,-70.77802751135681,-98.06561634277067
914.9251452684401,-70.92935235706837,-98.06712807655393,914.9251452684401,-75.68453120727597,-98.0774303114456,914.9251452684401,-70.83469515956939,-98.06686047288494
916.8842997550963,-70.93218041261738,-98.06817432745873,916.8842997550963,-75.71216998558488,-98.07805461679544,916.8842997550963,-70.82475905686216,-98.0678839915976
918.8434542417525,-70.98462942947461,-98.06932240815327,918.8434542417525,-75.68581046021562,-98.07858130488455,918.8434542417525,-70.78870297273279,-98.06881733993737
920.8026087284087,-70.97407591404539,-98.07028026407424,920.8026087284087,-75.61268976000352,-98.07903134815255,920.8026087284087,-70.7680314190503,-98.06977282814648
922.7617632150649,-70.90407305400942,-98.07107803786431,922.7617632150649,-75.54459659553461,-98.07948376354759,922.7617632150649,-70.74452116328646,-98.07070172784674
924.7209177017211,-70.84899165030185,-98.07189980749341,924.7209177017211,-75.46098067790946,-98.07991045083699,924.7209177017211,-70.78182308345521,-98.0717489275982
926.6800721883773,-70.86346262868662,-98.07285716277241,926.6800721883773,-75.49056808629648,-98.08047542890584,926.6800721883773,-70.85247862342422,-98.07283383111803
928.6392266750335,-70.89646971474308,-98.07382434568481,928.6392266750335,-75.5773828650257,-98.08108996637861,928.6392266750335,-70.85235188535061,-98.07373557778762
930.5983811616896,-70.96436703669794,-98.0748262012147,930.5983811616896,-75.5459224762798,-98.0815481701581,930.5983811616896,-70.80960306143005,-98.07453150896379
932.5575356483458,-71.02206612192177,-98.07577124735579,932.5575356483458,-75.56441071612927,-98.08204916958368,932.5575356483458,-70.85142574115558,-98.07546551101208
934.516690135002,-70.98401999690469,-98.07652027846024,934.516690135002,-75.57646185544024,-98.08252801030797,934.516690135002,-70.91594882740614,-98.07640521323904
936.4758446216582,-70.939942250539,-98.07724315329104,936.4758446216582,-75.555786087101,-98.08296128845595,936.4758446216582,-70.89759270696032,-98.07717537910067
938.4349991083144,-70.94350611698526,-98.07802210314156,938.4349991083144,-75.58631731191528,-98.083428571478,938.4349991083144,-70.88810369128437,-98.07793857701937
940.3941535949706,-70.96002930808778,-98.07879505928447,940.3941535949706,-75.60187921928724,-98.08386669587443,940.3941535949706,-70.86351562890451,-98.07865821671591
942.3533080816268,-70.98622342951137,-98.07955427756039,942.3533080816268,-75.55561647025638,-98.08424177886238,942.3533080816268,-70.83033315529326,-98.07934682395766
944.312462568283,-70.9989353821694,-98.08026889575943,944.312462568283,-75.50809836908124,-98.08460701617375,944.312462568283,-70.84216132483407,-98.08007384171752
946.2716170549392,-70.94422082205278,-98.08088021492168,946.2716170549392,-75.5936213633594,-98.08505430162226,946.2716170549392,-70.8169515569212,-98.08073161175804
948.2307715415953,-70.92918785159733,-98.0815195223483,948.2307715415953,-75.660213453716,-98.08546780107035,948.2307715415953,-70.80453189444822,-98.08138365850566
950.1899260282515,-70.97947993667863,-98.08220328173866,950.1899260282515,-75.61468701003635,-98.08579645584409,950.1899260282515,-70.81757867957337,-98.08203984174716
952.1490805149077,-70.9898054821747,-98.08281909456437,952.1490805149077,-75.61906752768861,-98.08614294813796,952.1490805149077,-70.7997434065992,-98.08264114297735
954.1082350015639,-70.98187783382623,-98.08339461652363,954.1082350015639,-75.61811864119736,-98.08647321717963,954.1082350015639,-70.79451037554958,-98.08323233997453
956.0673894882201,-71.01067094090133,-98.08397701162106,956.0673894882201,-75.68987895261459,-98.08682393992541,956.0673894882201,-70.84785490683282,-98.08384769779016
958.0265439748763,-71.00777826043675,-98.08450964030433,958.0265439748763,-75.76744830404292,-98.08715829231866,958.0265439748763,-70.89053544955307,-98.08442433582215
959.9856984615325,-70.94783921521906,-98.08498176428182,959.9856984615325,-75.71947990398478,-98.08742592019641,959.9856984615325,-70.87503238605072,-98.08493309712198
961.9448529481887,-70.97078462554956,-98.08548809825103,961.9448529481887,-75.6919639953673,-98.08769107288077,961.9448529481887,-70.86605840584201,-98.08542437837471
963.9040074348449,-70.99496550823801,-98.08596936600622,963.9040074348449,-75.65694423979221,-98.08794268868891,963.9040074348449,-70.89355891064483,-98.08591357940611
965.863161921501,-70.98442361115067,-98.08640786559862,965.863161921501,-75.68303450129565,-98.0882011581551,965.863161921501,-70.8956869504284,-98.0863637957021
967.8223164081572,-71.00613457533082,-98.08683879014468,967.8223164081572,-75.7748558650354,-98.08846194604433,967.8223164081572,-70.87292048957089,-98.0867794186149
969.7814708948134,-70.99105915134359,-98.08723017829243,969.7814708948134,-75.7661570432244,-98.08868170262947,969.7814708948134,-70.85571620252095,-98.08717628308456
971.7406253814696,-70.93734444747969,-98.08758649815212,971.7406253814696,-75.83971493360464,-98.08890571055088,971.7406253814696,-70.86312068455614,-98.08756025083638
973.6997798681258,-70.92156013184224,-98.08793620921799,973.6997798681258,-75.86516930349217,-98.08910485139138,973.6997798681258,-70.84706699233044,-98.08791301756435
975.658934354782,-70.96549267209488,-98.08828028514233,975.658934354782,-75.72983452162896,-98.08926547306137,975.658934354782,-70.83634407144119,-98.08824533163119
977.6180888414382,-71.00513306226426,-98.08859704971573,977.6180888414382,-75.70152227614562,-98.0894334505542,977.6180888414382,-70.86755933758509,-98.0885650798804
979.5772433280944,-70.99039525325084,-98.08887753458217,979.5772433280944,-75.711052794915,-98.08959410332406,979.5772433280944,-70.89223292443334,-98.08885811129643
981.5363978147506,-70.97027801929494,-98.08913531121513,981.5363978147506,-75.66021294677569,-98.08973579147364,981.5363978147506,-70.89643341018913,-98.08912302358095
983.4955523014067,-70.94632777404844,-98.08937094923287,983.4955523014067,-75.72510403283289,-98.08987560354005,983.4955523014067,-70.90256515727756,-98.08936492546758
985.4547067880629,-70.9434245695736,-98.08958737057804,985.4547067880629,-75.76822150032123,-98.08999918294646,985.4547067880629,-70.86194189622822,-98.089578263805
987.4138612747191,-71.01131456638637,-98.08978727256515,987.4138612747191,-75.69451010542876,-98.09010295044536,987.4138612747191,-70.8596329485635,-98.08977392948192
989.3730157613753,-71.01347889646193,-98.08995713376872,989.3730157613753,-75.62223002584244,-98.0901958355378,989.3730157613753,-70.96933596129321,-98.08995418006008
991.3321702480315,-70.94113297881844,-98.0901005986214,991.3321702480315,-75.58078397494482,-98.09027832348505,991.3321702480315,-71.0302870648804,-98.0901049840616
993.2913247346877,-70.8999146451234,-98.09022465972117,993.2913247346877,-75.61975483956913,-98.09035027389491,993.2913247346877,-70.9497528193848,-98.09022637403741
995.2504792213439,-70.92093795937276,-98.09032828790129,995.2504792213439,-75.66637555289206,-98.09040880987745,995.2504792213439,-70.88090961062328,-98.09032740430696
997.2096337080001,-70.98051885292234,-98.09040905275607,997.2096337080001,-75.63304477620318,-98.09045336965072,997.2096337080001,-70.87777651931766,-98.09040778120576
999.1687881946563,-70.99827270451922,-98.09046590112814,999.1687881946563,-75.71641271266934,-98.09048576557474,999.1687881946563,-70.90451397320305,-98.09046538674093
1001.1279426813124,-70.97710615061239,-98.09049984883131,1001.1279426813124,-75.74799217466597,-98.09050486875566,1001.1279426813124,-70.89475495101907,-98.09049973568125
1003.0870971679686,-73.9817450244426,-98.0905112030308,1003.0870971679686,-78.70157416366412,-98.0905112030308,1003.0870971679686,-73.86680446020321,-98.0905112030308
