timestamp,TimeS,I,Status,GMS,GWk,NSats,HDop,Lat,Lng,Alt,Spd,GCrs,VZ,Yaw,U
1774627427.744463,2675.183192,0,3,489845800,2411,18,0.6,51.4936677,-1.7484931,164.42,0.02657066285610199,289.79888916015625,0.005000000353902578,0.0,1
1774627427.9651918,2675.403921,0,3,489846000,2411,18,0.6,51.4936677,-1.7484931,164.41,0.018027756363153458,33.690067291259766,-0.03200000151991844,0.0,1
1774627428.144489,2675.583218,0,3,489846200,2411,18,0.6,51.4936677,-1.7484931,164.42,0.03178049996495247,347.275634765625,-0.04000000283122063,0.0,1
1774627428.3446689,2675.783398,0,3,489846400,2411,18,0.6,51.4936678,-1.7484931,164.43,0.019209373742341995,321.3402099609375,0.01100000087171793,0.0,1
1774627428.544632,2675.983361,0,3,489846600,2411,18,0.6,51.4936678,-1.7484932,164.43,0.022472206503152847,339.1455383300781,0.020000001415610313,0.0,1
1774627428.744449,2676.183178,0,3,489846800,2411,18,0.6,51.4936679,-1.7484932,164.42,0.032649654895067215,319.9697265625,0.06800000369548798,0.0,1
1774627428.944296,2676.383025,0,3,489847000,2411,18,0.6,51.4936679,-1.7484932,164.43,0.02927456423640251,187.85333251953125,0.003000000026077032,0.0,1
1774627429.144502,2676.583231,0,3,489847200,2411,18,0.6,51.4936679,-1.7484933,164.44,0.015620499849319458,230.19442749023438,-0.08100000023841858,0.0,1
1774627429.344585,2676.783314,0,3,489847400,2411,18,0.6,51.4936679,-1.7484932,164.45,0.01910497434437275,47.121097564697266,-0.00800000037997961,0.0,1
1774627429.544479,2676.983208,0,3,489847600,2411,18,0.6,51.4936679,-1.7484932,164.45,0.022090723738074303,275.1944274902344,-0.03400000184774399,0.0,1
1774627429.744439,2677.183168,0,3,489847800,2411,18,0.6,51.4936679,-1.7484933,164.44,0.021587034687399864,346.6075134277344,0.029000001028180122,0.0,1
1774627429.944668,2677.383397,0,3,489848000,2411,18,0.6,51.4936679,-1.7484932,164.43,0.07184010744094849,16.16449737548828,-0.08700000494718552,0.0,1
1774627430.164306,2677.603035,0,3,489848200,2411,18,0.6,51.493668,-1.7484932,164.45,0.04440721124410629,172.2348175048828,0.039000000804662704,0.0,1
1774627430.344429,2677.783158,0,3,489848400,2411,18,0.6,51.4936679,-1.7484932,164.44,0.02961418591439724,191.6893768310547,0.017000000923871994,0.0,1
1774627430.544335,2677.983064,0,3,489848600,2411,18,0.6,51.4936678,-1.7484933,164.44,0.042379241436719894,250.7099609375,0.03800000250339508,0.0,1
1774627430.74437,2678.183099,0,3,489848800,2411,18,0.6,51.4936678,-1.7484933,164.44,0.035014282912015915,91.6365737915039,-0.005000000353902578,0.0,1
1774627430.94437,2678.383099,0,3,489849000,2411,18,0.6,51.4936679,-1.7484932,164.44,0.06296825408935547,32.68054962158203,-0.0020000000949949026,0.0,1
1774627431.144264,2678.582993,0,3,489849200,2411,18,0.6,51.4936679,-1.7484931,164.44,0.04176123067736626,163.30075073242188,-0.007000000216066837,0.0,1
1774627431.344228,2678.782957,0,3,489849400,2411,18,0.6,51.4936679,-1.7484931,164.45,0.03773592785000801,212.00538635253906,-0.03700000047683716,0.0,1
1774627431.544509,2678.983238,0,3,489849600,2411,18,0.6,51.4936679,-1.7484931,164.47,0.004000000189989805,0.0,0.00800000037997961,0.0,1
1774627431.744274,2679.183003,0,3,489849800,2411,18,0.6,51.4936679,-1.7484932,164.47,0.03176476061344147,298.1785888671875,-0.009000000543892384,0.0,1
1774627431.94451,2679.383239,0,3,489850000,2411,18,0.6,51.4936679,-1.7484932,164.46,0.012649111449718475,71.56504821777344,0.04800000041723251,0.0,1
1774627432.144446,2679.583175,0,3,489850200,2411,18,0.6,51.4936679,-1.7484932,164.46,0.0255538672208786,30.5792236328125,-0.04500000178813934,0.0,1
1774627432.344436,2679.783165,0,3,489850400,2411,18,0.6,51.4936679,-1.7484931,164.47,0.03671512007713318,150.64224243164062,0.018000001087784767,0.0,1
1774627432.5443819,2679.983111,0,3,489850600,2411,18,0.6,51.4936679,-1.7484931,164.46,0.04981967806816101,10.407711029052734,0.03700000047683716,0.0,1
1774627432.7445729,2680.183302,0,3,489850800,2411,18,0.6,51.493668,-1.7484931,164.47,0.0255538672208786,210.57923889160156,0.027000000700354576,0.0,1
1774627432.9443479,2680.383077,0,3,489851000,2411,18,0.6,51.4936679,-1.7484931,164.47,0.03832753747701645,164.8759765625,-0.03200000151991844,0.0,1
1774627433.144158,2680.582887,0,3,489851200,2411,18,0.6,51.4936679,-1.7484931,164.48,0.04801041632890701,358.8065185546875,-0.052000001072883606,0.0,1
1774627433.3441849,2680.782914,0,3,489851400,2411,18,0.6,51.493668,-1.748493,164.5,0.0269258264452219,31.328689575195312,-0.014000000432133675,0.0,1
1774627433.5442839,2680.983013,0,3,489851600,2411,18,0.6,51.493668,-1.7484931,164.5,0.03492850065231323,293.62939453125,-0.04700000211596489,0.0,1
1774627433.744072,2681.182801,0,3,489851800,2411,18,0.6,51.493668,-1.7484931,164.51,0.03417601436376572,159.44393920898438,-0.007000000216066837,0.0,1
1774627433.944017,2681.382746,0,3,489852000,2411,18,0.6,51.4936679,-1.7484931,164.5,0.018973667174577713,71.56504821777344,-0.00800000037997961,0.0,1
1774627434.144033,2681.582762,0,3,489852200,2411,18,0.6,51.4936679,-1.748493,164.51,0.022360682487487793,153.43495178222656,-0.06200000271201134,0.0,1
1774627434.343837,2681.782566,0,3,489852400,2411,18,0.6,51.493668,-1.748493,164.53,0.005099019967019558,168.6900634765625,-0.0010000000474974513,0.0,1
1774627434.5437799,2681.982509,0,3,489852600,2411,18,0.6,51.493668,-1.748493,164.53,0.061465442180633545,21.974506378173828,-0.01100000087171793,0.0,1
1774627434.743739,2682.182468,0,3,489852800,2411,18,0.6,51.4936681,-1.748493,164.52,0.030016662552952766,330.01837158203125,-0.014000000432133675,0.0,1
1774627434.943754,2682.382483,0,3,489853000,2411,18,0.6,51.4936681,-1.748493,164.51,0.05124451220035553,17.020524978637695,0.020000001415610313,0.0,1
1774627435.1437669,2682.582496,0,3,489853200,2411,18,0.6,51.4936682,-1.748493,164.52,0.052611786872148514,351.25384521484375,-0.032999999821186066,0.0,1
1774627435.343701,2682.78243,0,3,489853400,2411,18,0.6,51.4936683,-1.748493,164.52,0.05536244437098503,20.07152557373047,-0.04500000178813934,0.0,1
1774627435.543967,2682.982696,0,3,489853600,2411,18,0.6,51.4936683,-1.7484929,164.52,0.01303840521723032,94.39869689941406,0.046000003814697266,0.0,1
1774627435.743967,2683.182696,0,3,489853800,2411,18,0.6,51.4936684,-1.748493,164.51,0.07158911228179932,335.224853515625,-0.017000000923871994,0.0,1
1774627435.943615,2683.382344,0,3,489854000,2411,18,0.6,51.4936684,-1.748493,164.52,0.05770615488290787,171.02737426757812,0.01100000087171793,0.0,1
1774627436.1436489,2683.582378,0,3,489854200,2411,18,0.6,51.4936683,-1.748493,164.52,0.016278821974992752,169.38034057617188,0.0,0.0,1
1774627436.343864,2683.782593,0,3,489854400,2411,18,0.6,51.4936683,-1.7484929,164.52,0.039661064743995667,146.30992126464844,0.0,0.0,1
1774627436.543578,2683.982307,0,3,489854600,2411,18,0.6,51.4936683,-1.7484929,164.52,0.022671569138765335,48.57632827758789,0.03700000047683716,0.0,1
1774627436.743873,2684.182602,0,3,489854800,2411,18,0.6,51.4936683,-1.7484929,164.53,0.060745373368263245,200.22486877441406,0.02800000086426735,0.0,1
1774627436.9438028,2684.382532,0,3,489855000,2411,18,0.6,51.4936682,-1.7484929,164.51,0.014212671667337418,39.289405822753906,-0.026000000536441803,0.0,1
1774627437.143509,2684.582238,0,3,489855200,2411,18,0.6,51.4936683,-1.7484929,164.52,0.035128336399793625,94.89908599853516,0.00800000037997961,0.0,1
1774627437.343811,2684.78254,0,3,489855400,2411,18,0.6,51.4936683,-1.7484928,164.52,0.015000000596046448,90.0,0.039000000804662704,0.0,1
1774627437.543488,2684.982217,0,3,489855600,2411,18,0.6,51.4936683,-1.7484928,164.51,0.006708203814923763,116.5650405883789,0.01900000125169754,0.0,1
1774627437.743535,2685.182264,0,3,489855800,2411,18,0.6,51.4936683,-1.7484928,164.5,0.01702938787639141,3.3664605617523193,0.030000001192092896,0.0,1
1774627437.943732,2685.382461,0,3,489856000,2411,18,0.6,51.4936683,-1.7484928,164.49,0.04531004652380943,337.9637756347656,-0.05100000277161598,0.0,1
1774627438.143393,2685.582122,0,3,489856200,2411,18,0.6,51.4936684,-1.7484928,164.49,0.017464250326156616,113.6293716430664,-0.005000000353902578,0.0,1
1774627438.343749,2685.782478,0,3,489856400,2411,18,0.6,51.4936683,-1.7484928,164.49,0.05178803205490112,190.00799560546875,-0.013000000268220901,0.0,1
1774627438.543403,2685.982132,0,3,489856600,2411,18,0.6,51.4936683,-1.7484928,164.49,0.02376972883939743,284.6208801269531,0.0,0.0,1
1774627438.743382,2686.182111,0,3,489856800,2411,18,0.6,51.4936683,-1.7484928,164.5,0.0036055513191968203,303.6900634765625,-0.00800000037997961,0.0,1
1774627438.943392,2686.382121,0,3,489857000,2411,18,0.6,51.4936683,-1.7484928,164.49,0.011661904864013195,59.0362434387207,-0.05900000408291817,0.0,1
1774627439.143606,2686.582335,0,3,489857200,2411,18,0.6,51.4936683,-1.7484929,164.49,0.02408318966627121,274.7636413574219,-0.013000000268220901,0.0,1
1774627439.343401,2686.78213,0,3,489857400,2411,18,0.6,51.4936684,-1.7484929,164.49,0.03769615292549133,21.801406860351562,-0.003000000026077032,0.0,1
1774627439.543575,2686.982304,0,3,489857600,2411,18,0.6,51.4936685,-1.7484929,164.5,0.02640075795352459,322.696044921875,0.01100000087171793,0.0,1
1774627439.7435799,2687.182309,0,3,489857800,2411,18,0.6,51.4936685,-1.7484929,164.49,0.018027756363153458,356.8201599121094,-0.0860000029206276,0.0,1
1774627439.963528,2687.402257,0,3,489858000,2411,18,0.6,51.4936685,-1.748493,164.51,0.031827662140131,223.7269744873047,0.01600000075995922,0.0,1
1774627440.163333,2687.602062,0,3,489858200,2411,18,0.6,51.4936685,-1.748493,164.51,0.04310452565550804,3.990912675857544,-0.012000000104308128,0.0,1
1774627440.343482,2687.782211,0,3,489858400,2411,18,0.6,51.4936686,-1.748493,164.5,0.04775981605052948,19.5731258392334,-0.05000000074505806,0.0,1
1774627440.543578,2687.982307,0,3,489858600,2411,18,0.6,51.4936686,-1.748493,164.49,0.04464302957057953,15.592808723449707,-0.01900000125169754,0.0,1
1774627440.74388,2688.182609,0,3,489858800,2411,18,0.6,51.4936687,-1.748493,164.49,0.03701351210474968,218.41806030273438,0.05000000074505806,0.0,1
1774627440.94348,2688.382209,0,3,489859000,2411,18,0.6,51.4936686,-1.7484931,164.48,0.026627056300640106,304.286865234375,-0.0560000017285347,0.0,1
1774627441.1433249,2688.582054,0,3,489859200,2411,18,0.6,51.4936687,-1.7484931,164.49,0.04313930869102478,44.06080627441406,-0.024000000208616257,0.0,1
1774627441.343381,2688.78211,0,3,489859400,2411,18,0.6,51.4936687,-1.748493,164.5,0.020396079868078232,191.3099365234375,-0.058000002056360245,0.0,1
1774627441.543218,2688.981947,0,3,489859600,2411,18,0.6,51.4936687,-1.748493,164.51,0.032280027866363525,73.810791015625,0.027000000700354576,0.0,1
1774627441.743319,2689.182048,0,3,489859800,2411,18,0.6,51.4936687,-1.748493,164.51,0.017088009044528008,249.4439697265625,-0.039000000804662704,0.0,1
1774627441.943358,2689.382087,0,3,489860000,2411,18,0.6,51.4936687,-1.748493,164.51,0.01615549437701702,338.1986083984375,-0.08100000023841858,0.0,1
1774627442.143105,2689.581834,0,3,489860200,2411,18,0.6,51.4936687,-1.7484931,164.5,0.05921148881316185,355.156005859375,-0.024000000208616257,0.0,1
1774627442.343243,2689.781972,0,3,489860400,2411,18,0.6,51.4936688,-1.748493,164.51,0.024041632190346718,45.0,0.04000000283122063,0.0,1
1774627442.543022,2689.981751,0,3,489860600,2411,18,0.6,51.4936689,-1.748493,164.51,0.008944272063672543,243.43496704101562,0.009000000543892384,0.0,1
1774627442.743054,2690.181783,0,3,489860800,2411,18,0.6,51.4936688,-1.7484931,164.5,0.027018513530492783,177.87889099121094,0.003000000026077032,0.0,1
1774627442.943208,2690.381937,0,3,489861000,2411,18,0.6,51.4936689,-1.7484931,164.51,0.06612110137939453,3.468229293823242,-0.02200000174343586,0.0,1
1774627443.143086,2690.581815,0,3,489861200,2411,18,0.6,51.4936689,-1.748493,164.5,0.044384684413671494,104.34931945800781,-0.026000000536441803,0.0,1
1774627443.3429708,2690.7817,0,3,489861400,2411,18,0.6,51.4936689,-1.748493,164.51,0.014212671667337418,219.28941345214844,-0.026000000536441803,0.0,1
1774627443.5431879,2690.981917,0,3,489861600,2411,18,0.6,51.4936689,-1.748493,164.51,0.0394081249833107,35.70669174194336,-0.055000003427267075,0.0,1
1774627443.742892,2691.181621,0,3,489861800,2411,18,0.6,51.493669,-1.7484929,164.51,0.018110772594809532,353.6598205566406,-0.010000000707805157,0.0,1
1774627443.942947,2691.381676,0,3,489862000,2411,18,0.6,51.493669,-1.748493,164.51,0.027313001453876495,203.74949645996094,-0.07500000298023224,0.0,1
1774627444.142907,2691.581636,0,3,489862200,2411,18,0.6,51.4936689,-1.748493,164.5,0.029529647901654243,28.300756454467773,-0.03700000047683716,0.0,1
1774627444.342851,2691.78158,0,3,489862400,2411,18,0.6,51.4936689,-1.7484929,164.5,0.02617250569164753,83.41805267333984,0.007000000216066837,0.0,1
1774627444.543077,2691.981806,0,3,489862600,2411,18,0.6,51.4936689,-1.748493,164.49,0.025495098903775215,281.3099365234375,-0.03100000135600567,0.0,1
1774627444.743085,2692.181814,0,3,489862800,2411,18,0.6,51.4936689,-1.748493,164.49,0.012041594833135605,4.763641834259033,-0.055000003427267075,0.0,1
1774627444.942925,2692.381654,0,3,489863000,2411,18,0.6,51.493669,-1.748493,164.48,0.04386342689394951,43.15238952636719,0.058000002056360245,0.0,1
1774627445.142989,2692.581718,0,3,489863200,2411,18,0.6,51.493669,-1.748493,164.46,0.023021729663014412,2.4895524978637695,-0.03800000250339508,0.0,1
1774627445.342884,2692.781613,0,3,489863400,2411,18,0.6,51.4936691,-1.748493,164.47,0.020024985074996948,357.1376037597656,0.07600000500679016,0.0,1
1774627445.54301,2692.981739,0,3,489863600,2411,18,0.6,51.493669,-1.748493,164.45,0.022671569138765335,221.4236602783203,0.0,0.0,1
1774627445.743058,2693.181787,0,3,489863800,2411,18,0.6,51.493669,-1.7484931,164.44,0.027658633887767792,12.528807640075684,-0.021000001579523087,0.0,1
1774627445.963007,2693.401736,0,3,489864000,2411,18,0.6,51.493669,-1.7484931,164.45,0.019723083823919296,210.46556091308594,-0.003000000026077032,0.0,1
1774627446.142637,2693.581366,0,3,489864200,2411,18,0.6,51.493669,-1.7484931,164.43,0.02416609413921833,65.55604553222656,0.0010000000474974513,0.0,1
1774627446.3429399,2693.781669,0,3,489864400,2411,18,0.6,51.493669,-1.748493,164.43,0.025179356336593628,186.84278869628906,0.004000000189989805,0.0,1
1774627446.542675,2693.981404,0,3,489864600,2411,18,0.6,51.493669,-1.748493,164.43,0.006324555724859238,288.4349365234375,0.03400000184774399,0.0,1
1774627446.742651,2694.18138,0,3,489864800,2411,18,0.6,51.493669,-1.748493,164.43,0.03492850065231323,76.75947570800781,0.013000000268220901,0.0,1
1774627446.942574,2694.381303,0,3,489865000,2411,18,0.6,51.493669,-1.7484929,164.42,0.03577708825469017,63.4349479675293,-0.017000000923871994,0.0,1
1774627447.14283,2694.581559,0,3,489865200,2411,18,0.6,51.493669,-1.7484929,164.42,0.033105891197919846,205.0168914794922,-0.014000000432133675,0.0,1
1774627447.3429248,2694.781654,0,3,489865400,2411,18,0.6,51.493669,-1.7484929,164.43,0.0072111026383936405,146.30992126464844,0.04700000211596489,0.0,1
1774627447.543864,2694.982593,0,3,489865600,2411,18,0.6,51.493669,-1.7484929,164.41,0.024738634005188942,104.0362319946289,0.06800000369548798,0.0,1
1774627447.7428699,2695.181599,0,3,489865800,2411,18,0.6,51.493669,-1.7484929,164.4,0.0455411933362484,250.7693328857422,-0.03200000151991844,0.0,1
1774627447.942764,2695.381493,0,3,489866000,2411,18,0.6,51.493669,-1.748493,164.4,0.02024845778942108,200.22486877441406,0.012000000104308128,0.0,1
1774627448.142439,2695.581168,0,3,489866200,2411,18,0.6,51.4936689,-1.748493,164.4,0.02500000037252903,143.13009643554688,-0.01900000125169754,0.0,1
1774627448.342447,2695.781176,0,3,489866400,2411,18,0.6,51.4936689,-1.7484929,164.4,0.05011985823512077,61.3895378112793,-0.09000000357627869,0.0,1
1774627448.542664,2695.981393,0,3,489866600,2411,18,0.6,51.4936689,-1.7484928,164.41,0.0611882358789444,168.6900634765625,0.018000001087784767,0.0,1
1774627448.7424679,2696.181197,0,3,489866800,2411,18,0.6,51.4936689,-1.7484928,164.41,0.03492850065231323,23.629375457763672,-0.020000001415610313,0.0,1
1774627448.942662,2696.381391,0,3,489867000,2411,18,0.6,51.4936689,-1.7484928,164.4,0.057140182703733444,4.0141754150390625,-0.01600000075995922,0.0,1
1774627449.142616,2696.581345,0,3,489867200,2411,18,0.6,51.493669,-1.7484928,164.4,0.03405877575278282,229.76365661621094,0.021000001579523087,0.0,1
1774627449.342658,2696.781387,0,3,489867400,2411,18,0.6,51.493669,-1.7484928,164.4,0.03354102000594139,63.4349479675293,-0.00800000037997961,0.0,1
1774627449.542899,2696.981628,0,3,489867600,2411,18,0.6,51.493669,-1.7484928,164.4,0.01900000125169754,270.0,-0.017000000923871994,0.0,1
1774627449.742608,2697.181337,0,3,489867800,2411,18,0.6,51.493669,-1.7484928,164.4,0.032893769443035126,70.46334075927734,0.004000000189989805,0.0,1
1774627449.942307,2697.381036,0,3,489868000,2411,18,0.6,51.4936689,-1.7484927,164.4,0.034539833664894104,157.89053344726562,-0.04800000041723251,0.0,1
1774627450.162298,2697.601027,0,3,489868200,2411,18,0.6,51.4936689,-1.7484927,164.4,0.03220248594880104,216.15818786621094,0.046000003814697266,0.0,1
1774627450.342609,2697.781338,0,3,489868400,2411,18,0.6,51.4936689,-1.7484927,164.4,0.006708203814923763,243.43496704101562,0.010000000707805157,0.0,1
1774627450.5422559,2697.980985,0,3,489868600,2411,18,0.6,51.4936689,-1.7484927,164.41,0.0020000000949949026,0.0,-0.03400000184774399,0.0,1
1774627450.742501,2698.18123,0,3,489868800,2411,18,0.6,51.4936689,-1.7484928,164.4,0.028635643422603607,347.9052429199219,-0.017000000923871994,0.0,1
1774627450.942149,2698.380878,0,3,489869000,2411,18,0.6,51.4936689,-1.7484927,164.41,0.012083047069609165,65.55604553222656,-0.036000002175569534,0.0,1
1774627451.14215,2698.580879,0,3,489869200,2411,18,0.6,51.493669,-1.7484927,164.41,0.038288380950689316,49.236392974853516,-0.07000000029802322,0.0,1
1774627451.342265,2698.780994,0,3,489869400,2411,18,0.6,51.493669,-1.7484927,164.42,0.023600848391652107,306.38433837890625,-0.06700000166893005,0.0,1
1774627451.54216,2698.980889,0,3,489869600,2411,18,0.6,51.4936691,-1.7484927,164.44,0.009486833587288857,251.5650634765625,0.032999999821186066,0.0,1
1774627451.742445,2699.181174,0,3,489869800,2411,18,0.6,51.493669,-1.7484927,164.43,0.023600848391652107,216.3843536376953,-0.021000001579523087,0.0,1
1774627451.9621549,2699.400884,0,3,489870000,2411,18,0.6,51.4936689,-1.7484927,164.42,0.018000001087784767,0.0,-0.06700000166893005,0.0,1
1774627452.142256,2699.580985,0,3,489870200,2411,18,0.6,51.493669,-1.7484927,164.44,0.002828427357599139,135.0,0.06700000166893005,0.0,1
1774627452.342323,2699.781052,0,3,489870400,2411,18,0.6,51.493669,-1.7484926,164.43,0.042438190430402756,55.56100845336914,-0.01600000075995922,0.0,1
1774627452.542353,2699.981082,0,3,489870600,2411,18,0.6,51.493669,-1.7484926,164.42,0.011045361869037151,185.19442749023438,-0.007000000216066837,0.0,1
1774627452.742051,2700.18078,0,3,489870800,2411,18,0.6,51.493669,-1.7484926,164.41,0.04501111060380936,1.2730300426483154,-0.12200000882148743,0.0,1
1774627452.942283,2700.381012,0,3,489871000,2411,18,0.6,51.493669,-1.7484926,164.42,0.0020000000949949026,90.0,0.04000000283122063,0.0,1
1774627453.142034,2700.580763,0,3,489871200,2411,18,0.6,51.493669,-1.7484926,164.41,0.007280109915882349,195.94540405273438,0.024000000208616257,0.0,1
1774627453.342138,2700.780867,0,3,489871400,2411,18,0.6,51.493669,-1.7484926,164.42,0.013416407629847527,206.56504821777344,0.02200000174343586,0.0,1
1774627453.562023,2701.000752,0,3,489871600,2411,18,0.6,51.493669,-1.7484926,164.42,0.03969886898994446,49.08561325073242,0.06800000369548798,0.0,1
1774627453.7421598,2701.180889,0,3,489871800,2411,18,0.6,51.4936691,-1.7484926,164.42,0.010630146600306034,228.8140869140625,-0.003000000026077032,0.0,1
1774627453.942155,2701.380884,0,3,489872000,2411,18,0.6,51.493669,-1.7484926,164.43,0.02340940199792385,199.9831085205078,-0.01100000087171793,0.0,1
1774627454.1420949,2701.580824,0,3,489872200,2411,18,0.6,51.493669,-1.7484926,164.43,0.025079872459173203,355.42608642578125,-0.023000001907348633,0.0,1
1774627454.3422189,2701.780948,0,3,489872400,2411,18,0.6,51.493669,-1.7484926,164.43,0.025317978113889694,80.90972137451172,0.021000001579523087,0.0,1
1774627454.542082,2701.980811,0,3,489872600,2411,18,0.6,51.493669,-1.7484926,164.42,0.035608988255262375,218.15724182128906,-0.021000001579523087,0.0,1
1774627454.7420158,2702.180745,0,3,489872800,2411,18,0.6,51.4936689,-1.7484926,164.43,0.0036055513191968203,123.6900634765625,-0.032999999821186066,0.0,1
1774627454.942292,2702.381021,0,3,489873000,2411,18,0.6,51.4936689,-1.7484925,164.43,0.03330165520310402,48.652217864990234,0.010000000707805157,0.0,1
1774627455.162183,2702.600912,0,3,489873200,2411,18,0.6,51.4936689,-1.7484924,164.43,0.03584689646959305,67.01127624511719,-0.03200000151991844,0.0,1
1774627455.342053,2702.780782,0,3,489873400,2411,18,0.6,51.493669,-1.7484923,164.43,0.06652819365262985,42.563350677490234,0.018000001087784767,0.0,1
1774627455.542059,2702.980788,0,3,489873600,2411,18,0.6,51.4936691,-1.7484922,164.44,0.09638465195894241,30.55596351623535,0.015000000596046448,0.0,1
1774627455.742048,2703.180777,0,3,489873800,2411,18,0.6,51.4936692,-1.748492,164.44,0.07140028476715088,52.969608306884766,-0.07700000703334808,0.0,1
1774627455.941766,2703.380495,0,3,489874000,2411,18,0.6,51.4936693,-1.7484918,164.44,0.10824047774076462,73.9091796875,0.07300000637769699,0.0,1
1774627456.141981,2703.58071,0,3,489874200,2411,18,0.6,51.4936693,-1.7484915,164.43,0.09765245020389557,55.00797653198242,0.02800000086426735,0.0,1
1774627456.3420649,2703.780794,0,3,489874400,2411,18,0.6,51.4936694,-1.7484913,164.43,0.12605157494544983,58.95828628540039,-0.026000000536441803,0.0,1
1774627456.543024,2703.981753,0,3,489874600,2411,18,0.6,51.4936695,-1.7484909,164.43,0.15446683764457703,85.54439544677734,-0.03100000135600567,0.0,1
1774627456.7419639,2704.180693,0,3,489874800,2411,18,0.6,51.4936696,-1.7484904,164.43,0.19592346251010895,67.49260711669922,0.15900000929832458,0.0,1
1774627456.941926,2704.380655,0,3,489875000,2411,18,0.6,51.4936697,-1.7484901,164.42,0.06400781124830246,90.89517211914062,-0.03500000014901161,0.0,1
1774627457.1419,2704.580629,0,3,489875200,2411,18,0.6,51.4936697,-1.7484899,164.42,0.046227701008319855,128.85336303710938,0.017000000923871994,0.0,1
1774627457.342145,2704.780874,0,3,489875400,2411,18,0.6,51.4936696,-1.7484899,164.41,0.019999999552965164,306.8699035644531,-0.014000000432133675,0.0,1
1774627457.5419009,2704.98063,0,3,489875600,2411,18,0.6,51.4936696,-1.7484899,164.4,0.028792360797524452,200.32315063476562,0.005000000353902578,0.0,1
1774627457.741906,2705.180635,0,3,489875800,2411,18,0.6,51.4936696,-1.74849,164.41,0.0070710680447518826,188.13011169433594,0.030000001192092896,0.0,1
1774627457.961791,2705.40052,0,3,489876000,2411,18,0.6,51.4936696,-1.7484899,164.4,0.023430749773979187,129.80557250976562,0.05100000277161598,0.0,1
1774627458.14178,2705.580509,0,3,489876200,2411,18,0.6,51.4936696,-1.7484899,164.38,0.022360682487487793,190.3048553466797,-0.0820000022649765,0.0,1
1774627458.341834,2705.780563,0,3,489876400,2411,18,0.6,51.4936695,-1.74849,164.38,0.03982461616396904,231.11550903320312,0.08900000154972076,0.0,1
1774627458.5417368,2705.980466,0,3,489876600,2411,18,0.6,51.4936695,-1.74849,164.37,0.018867963925004005,147.99461364746094,0.04500000178813934,0.0,1
1774627458.741785,2706.180514,0,3,489876800,2411,18,0.6,51.4936694,-1.74849,164.35,0.02607681229710579,212.47120666503906,-0.0860000029206276,0.0,1
1774627458.961469,2706.400198,0,3,489877000,2411,18,0.6,51.4936694,-1.7484901,164.35,0.011401754803955555,254.74488830566406,-0.007000000216066837,0.0,1
1774627459.141434,2706.580163,0,3,489877200,2411,18,0.6,51.4936694,-1.7484902,164.37,0.03324154019355774,276.9112243652344,-0.039000000804662704,0.0,1
1774627459.341734,2706.780463,0,3,489877400,2411,18,0.6,51.4936694,-1.7484904,164.35,0.09808160364627838,290.2825622558594,-0.1210000067949295,0.0,1
1774627459.541579,2706.980308,0,3,489877600,2411,18,0.6,51.4936696,-1.7484908,164.37,0.20271162688732147,300.8668212890625,-0.04400000348687172,0.0,1
1774627459.741592,2707.180321,0,3,489877800,2411,18,0.6,51.4936698,-1.7484912,164.37,0.23418156802654266,313.09661865234375,-0.04500000178813934,0.0,1
1774627459.941395,2707.380124,0,3,489878000,2411,18,0.6,51.49367,-1.7484917,164.36,0.16164466738700867,308.2169494628906,0.07200000435113907,0.0,1
1774627460.161331,2707.60006,0,3,489878200,2411,18,0.6,51.4936701,-1.7484921,164.36,0.1870962381362915,271.8377380371094,-0.09400000423192978,0.0,1
1774627460.3412879,2707.780017,0,3,489878400,2411,18,0.6,51.49367,-1.7484927,164.39,0.2446262538433075,243.53970336914062,-0.3370000123977661,0.0,1
1774627460.541447,2707.980176,0,3,489878600,2411,18,0.6,51.4936698,-1.7484933,164.42,0.22308070957660675,234.67132568359375,-0.07400000095367432,0.0,1
1774627460.741519,2708.180248,0,3,489878800,2411,18,0.6,51.4936695,-1.748494,164.41,0.38298434019088745,238.343505859375,0.1770000010728836,0.0,1
1774627460.941371,2708.3801,0,3,489879000,2411,18,0.6,51.4936689,-1.7484951,164.38,0.5656722187995911,229.94802856445312,0.05000000074505806,0.0,1
1774627461.1414309,2708.58016,0,3,489879200,2411,18,0.6,51.4936682,-1.7484965,164.39,0.6706004738807678,233.061767578125,-0.4360000193119049,0.0,1
1774627461.341497,2708.780226,0,3,489879400,2411,18,0.6,51.4936677,-1.7484981,164.49,0.6110613942146301,242.09298706054688,-0.3880000114440918,0.0,1
1774627461.541159,2708.979888,0,3,489879600,2411,18,0.6,51.4936673,-1.7484996,164.54,0.49368512630462646,250.72091674804688,-0.2290000170469284,0.0,1
1774627461.74119,2709.179919,0,3,489879800,2411,18,0.6,51.4936672,-1.748501,164.6,0.5625024437904358,264.5934753417969,-0.24800001084804535,0.0,1
1774627461.9411108,2709.37984,0,3,489880000,2411,18,0.6,51.4936674,-1.7485026,164.66,0.5743744373321533,291.33831787109375,-0.3850000202655792,0.0,1
1774627462.1410708,2709.5798,0,3,489880200,2411,18,0.6,51.4936679,-1.7485042,164.78,0.5939023494720459,296.3924865722656,-0.5490000247955322,0.0,1
1774627462.341373,2709.780102,0,3,489880400,2411,18,0.6,51.4936683,-1.7485058,164.84,0.6094399690628052,287.57275390625,-0.37800002098083496,0.0,1
1774627462.5412629,2709.979992,0,3,489880600,2411,18,0.6,51.4936687,-1.7485075,164.86,0.6704700589179993,287.62420654296875,0.14000000059604645,0.0,1
1774627462.741157,2710.179886,0,3,489880800,2411,18,0.6,51.4936691,-1.7485095,164.81,0.7394464612007141,286.4988708496094,0.27000001072883606,0.0,1
1774627462.941014,2710.379743,0,3,489881000,2411,18,0.6,51.4936694,-1.7485117,164.73,0.8657078742980957,281.9329833984375,0.2900000214576721,0.0,1
1774627463.140979,2710.579708,0,3,489881200,2411,18,0.6,51.49367,-1.748514,164.7,0.8368542790412903,293.74700927734375,0.16600000858306885,0.0,1
1774627463.341256,2710.779985,0,3,489881400,2411,18,0.6,51.4936706,-1.7485162,164.69,0.857384979724884,298.56781005859375,0.006000000052154064,0.0,1
1774627463.541226,2710.979955,0,3,489881600,2411,18,0.6,51.4936714,-1.7485184,164.7,0.8926640152931213,300.64453125,-0.17100000381469727,0.0,1
1774627463.740988,2711.179717,0,3,489881800,2411,18,0.6,51.4936723,-1.7485207,164.75,0.9043921232223511,298.60540771484375,-0.16900001466274261,0.0,1
1774627463.961477,2711.400206,0,3,489882000,2411,18,0.6,51.493673,-1.7485231,164.74,0.9645771384239197,291.08441162109375,0.09300000220537186,0.0,1
1774627464.141173,2711.579902,0,3,489882200,2411,18,0.6,51.4936735,-1.7485257,164.7,0.9542882442474365,286.49798583984375,0.21700000762939453,0.0,1
1774627464.341134,2711.779863,0,3,489882400,2411,18,0.6,51.4936737,-1.7485284,164.71,0.9631287455558777,266.18988037109375,-0.1510000079870224,0.0,1
1774627464.541008,2711.979737,0,3,489882600,2411,18,0.6,51.4936734,-1.7485312,164.74,0.9908350706100464,260.4140930175781,-0.19500000774860382,0.0,1
1774627464.741129,2712.179858,0,3,489882800,2411,18,0.6,51.4936732,-1.748534,164.79,0.9466932415962219,262.2294006347656,-0.1940000057220459,0.0,1
1774627464.9408789,2712.379608,0,3,489883000,2411,18,0.6,51.493673,-1.7485367,164.82,0.9826353192329407,263.3378601074219,-0.19300000369548798,0.0,1
1774627465.140764,2712.579493,0,3,489883200,2411,18,0.6,51.4936728,-1.7485395,164.86,0.9309936165809631,267.35272216796875,-0.28300002217292786,0.0,1
1774627465.340819,2712.779548,0,3,489883400,2411,18,0.6,51.4936728,-1.7485422,164.91,0.9730129241943359,270.29443359375,-0.1770000010728836,0.0,1
1774627465.540999,2712.979728,0,3,489883600,2411,18,0.6,51.4936727,-1.748545,164.92,1.0083417892456055,267.0439758300781,0.046000003814697266,0.0,1
1774627465.740996,2713.179725,0,3,489883800,2411,18,0.6,51.4936726,-1.7485479,164.9,0.9838135838508606,267.6698303222656,0.10100000351667404,0.0,1
1774627465.941055,2713.379784,0,3,489884000,2411,18,0.6,51.4936724,-1.7485507,164.87,1.0596288442611694,258.40374755859375,0.09300000220537186,0.0,1
1774627466.1420789,2713.580808,0,3,489884200,2411,18,0.6,51.493672,-1.7485538,164.88,1.1252738237380981,256.90234375,0.0860000029206276,0.0,1
1774627466.340903,2713.779632,0,3,489884400,2411,18,0.6,51.4936716,-1.748557,164.83,1.1175134181976318,261.7684020996094,0.15800000727176666,0.0,1
1774627466.540891,2713.97962,0,3,489884600,2411,18,0.6,51.4936715,-1.7485602,164.82,1.154443621635437,268.41162109375,0.02200000174343586,0.0,1
1774627466.740912,2714.179641,0,3,489884800,2411,18,0.6,51.4936716,-1.7485635,164.83,1.1319739818572998,275.3731689453125,-0.009000000543892384,0.0,1
1774627466.940813,2714.379542,0,3,489885000,2411,18,0.6,51.4936719,-1.7485666,164.83,1.0809853076934814,284.19049072265625,-0.03800000250339508,0.0,1
1774627467.140787,2714.579516,0,3,489885200,2411,18,0.6,51.4936723,-1.7485696,164.81,1.048393964767456,279.8306884765625,0.08900000154972076,0.0,1
1774627467.340939,2714.779668,0,3,489885400,2411,18,0.6,51.4936724,-1.7485726,164.79,1.0423498153686523,271.48431396484375,0.046000003814697266,0.0,1
1774627467.54087,2714.979599,0,3,489885600,2411,18,0.6,51.4936723,-1.7485757,164.78,1.061152696609497,263.34381103515625,-0.009000000543892384,0.0,1
1774627467.7410998,2715.179829,0,3,489885800,2411,18,0.6,51.493672,-1.7485787,164.79,1.0569168329238892,262.55224609375,-0.07500000298023224,0.0,1
1774627467.940749,2715.379478,0,3,489886000,2411,18,0.6,51.4936719,-1.7485816,164.79,0.9560047388076782,269.8202209472656,-0.04000000283122063,0.0,1
1774627468.1406999,2715.579429,0,3,489886200,2411,18,0.6,51.4936719,-1.7485844,164.81,0.9765921235084534,271.9951477050781,-0.06200000271201134,0.0,1
1774627468.34074,2715.779469,0,3,489886400,2411,18,0.6,51.4936719,-1.748587,164.84,0.8769128322601318,267.38555908203125,-0.1980000138282776,0.0,1
1774627468.5407119,2715.979441,0,3,489886600,2411,18,0.6,51.4936717,-1.7485894,164.86,0.785934567451477,259.5908203125,-0.10300000756978989,0.0,1
1774627468.7407749,2716.179504,0,3,489886800,2411,18,0.6,51.4936713,-1.7485916,164.93,0.7727386951446533,248.91458129882812,-0.3850000202655792,0.0,1
1774627468.960542,2716.399271,0,3,489887000,2411,18,0.6,51.4936709,-1.7485934,164.97,0.5914025902748108,254.90634155273438,-0.1420000046491623,0.0,1
1774627469.140651,2716.57938,0,3,489887200,2411,18,0.6,51.4936705,-1.7485951,164.97,0.6168258190155029,244.556640625,0.14000000059604645,0.0,1
1774627469.3407009,2716.77943,0,3,489887400,2411,18,0.6,51.4936702,-1.7485965,164.9,0.40609854459762573,257.19573974609375,0.4300000071525574,0.0,1
1774627469.540585,2716.979314,0,3,489887600,2411,18,0.6,51.4936697,-1.7485975,164.85,0.45684683322906494,219.4041290283203,-0.12700000405311584,0.0,1
1774627469.740651,2717.17938,0,3,489887800,2411,18,0.6,51.4936688,-1.7485982,164.93,0.7120814323425293,200.72557067871094,-0.5530000329017639,0.0,1
1774627469.9604468,2717.399176,0,3,489888000,2411,18,0.6,51.4936676,-1.7485987,164.97,0.7494238018989563,186.89744567871094,0.1210000067949295,0.0,1
1774627470.160464,2717.599193,0,3,489888200,2411,18,0.6,51.4936662,-1.7485989,164.96,0.7354250550270081,178.05189514160156,-0.09800000488758087,0.0,1
1774627470.340275,2717.779004,0,3,489888400,2411,18,0.6,51.4936649,-1.7485987,164.95,0.5827220678329468,169.5192413330078,-0.20500001311302185,0.0,1
1774627470.540456,2717.979185,0,3,489888600,2411,18,0.6,51.4936641,-1.7485983,164.98,0.4279918372631073,153.79415893554688,-0.08900000154972076,0.0,1
1774627470.7403688,2718.179098,0,3,489888800,2411,18,0.6,51.4936635,-1.7485976,165.02,0.41084426641464233,135.49305725097656,-0.058000002056360245,0.0,1
1774627470.94041,2718.379139,0,3,489889000,2411,18,0.6,51.4936631,-1.7485967,165.01,0.35205256938934326,100.63964080810547,-0.09200000762939453,0.0,1
1774627471.140229,2718.578958,0,3,489889200,2411,18,0.6,51.4936631,-1.7485956,165.02,0.4430282413959503,90.64664459228516,0.08400000631809235,0.0,1
1774627471.340288,2718.779017,0,3,489889400,2411,18,0.6,51.4936631,-1.7485942,165.0,0.5425348281860352,82.58679962158203,-0.030000001192092896,0.0,1
1774627471.5400999,2718.978829,0,3,489889600,2411,18,0.6,51.4936632,-1.7485924,164.99,0.6845882534980774,84.13117218017578,0.05300000309944153,0.0,1
1774627471.740442,2719.179171,0,3,489889800,2411,18,0.6,51.4936633,-1.7485903,164.97,0.8042742013931274,91.49618530273438,-0.006000000052154064,0.0,1
1774627471.940274,2719.379003,0,3,489890000,2411,18,0.6,51.4936632,-1.7485878,164.97,0.9568281173706055,95.75824737548828,-0.01600000075995922,0.0,1
1774627472.140307,2719.579036,0,3,489890200,2411,18,0.6,51.4936631,-1.7485849,164.95,1.0653948783874512,91.55977630615234,0.0020000000949949026,0.0,1
1774627472.340381,2719.77911,0,3,489890400,2411,18,0.6,51.4936632,-1.7485816,164.94,1.252343773841858,81.3199234008789,0.07400000095367432,0.0,1
1774627472.540276,2719.979005,0,3,489890600,2411,18,0.6,51.4936636,-1.748578,164.89,1.2794811725616455,79.00621795654297,0.0860000029206276,0.0,1
1774627472.740272,2720.179001,0,3,489890800,2411,18,0.6,51.4936641,-1.7485744,164.84,1.3126405477523804,75.52970123291016,0.1600000113248825,0.0,1
1774627472.940158,2720.378887,0,3,489891000,2411,18,0.6,51.4936648,-1.7485706,164.78,1.4728846549987793,72.53690338134766,0.2980000078678131,0.0,1
1774627473.1401,2720.578829,0,3,489891200,2411,18,0.6,51.4936657,-1.7485665,164.74,1.523054838180542,73.99259948730469,0.2720000147819519,0.0,1
1774627473.340296,2720.779025,0,3,489891400,2411,18,0.6,51.4936664,-1.7485622,164.62,1.6114001274108887,73.74690246582031,0.6810000538825989,0.0,1
1774627473.540256,2720.978985,0,3,489891600,2411,18,0.6,51.493667,-1.7485576,164.54,1.6026195287704468,81.0255126953125,0.08800000697374344,0.0,1
1774627473.739919,2721.178648,0,3,489891800,2411,18,0.6,51.4936673,-1.7485529,164.53,1.731428623199463,85.46170043945312,-0.07700000703334808,0.0,1
1774627473.939883,2721.378612,0,3,489892000,2411,18,0.6,51.4936675,-1.7485476,164.57,1.9463199377059937,87.2022705078125,-0.2670000195503235,0.0,1
1774627474.1401749,2721.578904,0,3,489892200,2411,18,0.6,51.4936675,-1.7485418,164.6,2.118828296661377,92.38031005859375,-0.38600000739097595,0.0,1
1774627474.339869,2721.778598,0,3,489892400,2411,18,0.6,51.4936671,-1.7485357,164.66,2.115323781967163,99.3866195678711,-0.2970000207424164,0.0,1
1774627474.539893,2721.978622,0,3,489892600,2411,18,0.6,51.4936666,-1.7485295,164.68,2.1910741329193115,96.26221466064453,0.09000000357627869,0.0,1
1774627474.739847,2722.178576,0,3,489892800,2411,18,0.6,51.4936662,-1.7485233,164.68,2.1398329734802246,96.27809143066406,0.05700000375509262,0.0,1
1774627474.939802,2722.378531,0,3,489893000,2411,18,0.6,51.493666,-1.7485172,164.66,2.1033618450164795,91.06241607666016,0.16100001335144043,0.0,1
1774627475.1400518,2722.578781,0,3,489893200,2411,18,0.6,51.4936662,-1.7485113,164.63,2.0211403369903564,84.54891204833984,0.0650000050663948,0.0,1
1774627475.340074,2722.778803,0,3,489893400,2411,18,0.6,51.4936668,-1.7485056,164.62,2.0127365589141846,77.89728546142578,0.05100000277161598,0.0,1
1774627475.540261,2722.97899,0,3,489893600,2411,18,0.6,51.4936676,-1.7485,164.58,1.9614202976226807,75.6236801147461,0.16900001466274261,0.0,1
1774627475.740001,2723.17873,0,3,489893800,2411,18,0.6,51.4936687,-1.7484948,164.55,1.8866782188415527,70.00910949707031,0.1860000044107437,0.0,1
1774627475.959944,2723.398673,0,3,489894000,2411,18,0.6,51.49367,-1.7484898,164.52,1.8680272102355957,64.7107162475586,0.19700001180171967,0.0,1
1774627476.1402109,2723.57894,0,3,489894200,2411,18,0.6,51.4936716,-1.748485,164.49,1.8707218170166016,59.267356872558594,0.01100000087171793,0.0,1
1774627476.339984,2723.778713,0,3,489894400,2411,18,0.6,51.4936734,-1.7484806,164.49,1.784780740737915,55.962684631347656,-0.03200000151991844,0.0,1
1774627476.539872,2723.978601,0,3,489894600,2411,18,0.6,51.4936752,-1.7484765,164.5,1.673290491104126,55.198726654052734,0.15000000596046448,0.0,1
1774627476.759844,2724.198573,0,3,489894800,2411,18,0.6,51.4936768,-1.7484727,164.46,1.5110859870910645,56.90937042236328,0.08700000494718552,0.0,1
1774627476.939827,2724.378556,0,3,489895000,2411,18,0.6,51.493678,-1.7484691,164.45,1.3206608295440674,66.05512237548828,-0.05700000375509262,0.0,1
1774627477.139873,2724.578602,0,3,489895200,2411,18,0.6,51.4936786,-1.7484657,164.48,1.1734479665756226,83.54118347167969,-0.26500001549720764,0.0,1
1774627477.339859,2724.778588,0,3,489895400,2411,18,0.6,51.4936788,-1.7484623,164.46,1.204349398612976,88.62020874023438,0.2930000126361847,0.0,1
1774627477.539787,2724.978516,0,3,489895600,2411,18,0.6,51.4936788,-1.748459,164.42,1.1091461181640625,89.07011413574219,0.1080000028014183,0.0,1
1774627477.739815,2725.178544,0,3,489895800,2411,18,0.6,51.4936789,-1.7484559,164.36,1.0698060989379883,83.07426452636719,0.2970000207424164,0.0,1
1774627477.93971,2725.378439,0,3,489896000,2411,18,0.6,51.4936791,-1.7484528,164.32,1.0395640134811401,86.85685729980469,0.3760000169277191,0.0,1
1774627478.1597888,2725.598518,0,3,489896200,2411,18,0.6,51.4936791,-1.7484499,164.2,1.0050079822540283,89.7719497680664,0.4240000247955322,0.0,1
1774627478.339786,2725.778515,0,3,489896400,2411,18,0.6,51.493679,-1.7484471,164.15,0.9224668741226196,93.23150634765625,-0.12700000405311584,0.0,1
1774627478.539514,2725.978243,0,3,489896600,2411,18,0.6,51.4936788,-1.7484446,164.18,0.8655663132667542,102.2057113647461,-0.06599999964237213,0.0,1
1774627478.739476,2726.178205,0,3,489896800,2411,18,0.6,51.4936785,-1.7484421,164.2,0.8859125375747681,109.51895904541016,-0.003000000026077032,0.0,1
1774627478.9596279,2726.398357,0,3,489897000,2411,18,0.6,51.493678,-1.7484398,164.26,0.7781516909599304,109.83212280273438,-0.5640000104904175,0.0,1
1774627479.139348,2726.578077,0,3,489897200,2411,18,0.6,51.4936775,-1.7484378,164.35,0.7250834703445435,113.48910522460938,-0.20900000631809235,0.0,1
1774627479.359648,2726.798377,0,3,489897400,2411,18,0.6,51.4936769,-1.7484358,164.38,0.862237274646759,116.2975845336914,-0.2460000067949295,0.0,1
1774627479.5393589,2726.978088,0,3,489897600,2411,18,0.6,51.493676,-1.7484336,164.41,0.9446629881858826,129.588134765625,-0.25,0.0,1
1774627479.7396429,2727.178372,0,3,489897800,2411,18,0.6,51.4936751,-1.7484316,164.5,0.7843551635742188,128.00950622558594,-0.2200000137090683,0.0,1
1774627479.939511,2727.37824,0,3,489898000,2411,18,0.6,51.4936742,-1.7484299,164.52,0.7414647936820984,129.63735961914062,-0.18300001323223114,0.0,1
1774627480.159622,2727.598351,0,3,489898200,2411,18,0.6,51.4936733,-1.7484283,164.52,0.7652778029441833,133.7293243408203,0.039000000804662704,0.0,1
1774627480.3395169,2727.778246,0,3,489898400,2411,18,0.6,51.4936722,-1.7484265,164.46,0.954620361328125,135.4243927001953,0.328000009059906,0.0,1
1774627480.539244,2727.977973,0,3,489898600,2411,18,0.6,51.4936708,-1.7484245,164.41,1.1219696998596191,141.65921020507812,0.2110000103712082,0.0,1
1774627480.739255,2728.177984,0,3,489898800,2411,18,0.6,51.493669,-1.7484224,164.34,1.2875404357910156,141.81277465820312,0.4580000340938568,0.0,1
1774627480.939167,2728.377896,0,3,489899000,2411,18,0.6,51.4936674,-1.7484201,164.3,1.1137042045593262,135.254638671875,0.09300000220537186,0.0,1
1774627481.139178,2728.577907,0,3,489899200,2411,18,0.6,51.4936661,-1.7484179,164.26,0.9885717630386353,134.50819396972656,0.1980000138282776,0.0,1
1774627481.339472,2728.778201,0,3,489899400,2411,18,0.6,51.4936649,-1.7484158,164.25,0.9616527557373047,130.6142120361328,-0.02200000174343586,0.0,1
1774627481.539376,2728.978105,0,3,489899600,2411,18,0.6,51.4936639,-1.7484138,164.24,0.7874274849891663,123.18553924560547,-0.07600000500679016,0.0,1
1774627481.739307,2729.178036,0,3,489899800,2411,18,0.6,51.4936632,-1.748412,164.26,0.6967790126800537,124.53392791748047,0.0,0.0,1
1774627481.959656,2729.398385,0,3,489900000,2411,18,0.6,51.4936625,-1.7484104,164.26,0.6218745708465576,122.9234390258789,0.04100000113248825,0.0,1
1774627482.139314,2729.578043,0,3,489900200,2411,18,0.6,51.493662,-1.7484088,164.22,0.6142809391021729,111.88800811767578,0.2240000069141388,0.0,1
1774627482.339294,2729.778023,0,3,489900400,2411,18,0.6,51.4936615,-1.7484073,164.18,0.5373314023017883,121.5306396484375,0.24000000953674316,0.0,1
1774627482.539267,2729.977996,0,3,489900600,2411,18,0.6,51.4936611,-1.748406,164.17,0.492366760969162,124.6583480834961,0.009000000543892384,0.0,1
1774627482.7392108,2730.17794,0,3,489900800,2411,18,0.6,51.4936607,-1.7484049,164.21,0.3652971684932709,111.01498413085938,-0.4100000262260437,0.0,1
1774627482.9391859,2730.377915,0,3,489901000,2411,18,0.6,51.4936604,-1.748404,164.29,0.3468083143234253,127.26638793945312,-0.4020000100135803,0.0,1
1774627483.139061,2730.57779,0,3,489901200,2411,18,0.6,51.4936601,-1.7484034,164.39,0.20441624522209167,145.7657470703125,-0.45500001311302185,0.0,1
1774627483.339052,2730.777781,0,3,489901400,2411,18,0.6,51.4936597,-1.7484035,164.52,0.3238024413585663,207.19813537597656,-0.492000013589859,0.0,1
1774627483.5391989,2730.977928,0,3,489901600,2411,18,0.6,51.4936591,-1.7484039,164.56,0.3716517388820648,206.01348876953125,-0.10400000214576721,0.0,1
1774627483.739191,2731.17792,0,3,489901800,2411,18,0.6,51.4936583,-1.7484045,164.57,0.5827332139015198,206.1693115234375,-0.024000000208616257,0.0,1
1774627483.938911,2731.37764,0,3,489902000,2411,18,0.6,51.4936573,-1.7484053,164.58,0.7423880696296692,206.21990966796875,0.039000000804662704,0.0,1
1774627484.138934,2731.577663,0,3,489902200,2411,18,0.6,51.4936561,-1.7484063,164.58,0.8641672730445862,203.74708557128906,0.07500000298023224,0.0,1
1774627484.338983,2731.777712,0,3,489902400,2411,18,0.6,51.4936547,-1.7484071,164.54,0.8207027912139893,200.842041015625,0.2120000123977661,0.0,1
1774627484.539149,2731.977878,0,3,489902600,2411,18,0.6,51.4936533,-1.7484081,164.47,0.8380465507507324,204.7608184814453,0.3070000112056732,0.0,1
1774627484.739106,2732.177835,0,3,489902800,2411,18,0.6,51.493652,-1.7484093,164.44,0.8455323576927185,214.8365936279297,0.006000000052154064,0.0,1
1774627484.93906,2732.377789,0,3,489903000,2411,18,0.6,51.4936511,-1.7484107,164.45,0.6471676826477051,237.3658447265625,-0.11900000274181366,0.0,1
1774627485.13899,2732.577719,0,3,489903200,2411,18,0.6,51.4936509,-1.7484124,164.48,0.6230778694152832,283.83551025390625,-0.20500001311302185,0.0,1
1774627485.358978,2732.797707,0,3,489903400,2411,18,0.6,51.4936516,-1.7484142,164.52,0.8518480062484741,309.4266357421875,-0.09300000220537186,0.0,1
1774627485.539058,2732.977787,0,3,489903600,2411,18,0.6,51.4936529,-1.748416,164.58,1.0492149591445923,322.82427978515625,-0.15800000727176666,0.0,1
1774627485.739028,2733.177757,0,3,489903800,2411,18,0.6,51.4936546,-1.7484179,164.62,1.2813528776168823,328.36907958984375,-0.20200000703334808,0.0,1
1774627485.938978,2733.377707,0,3,489904000,2411,18,0.6,51.4936567,-1.7484198,164.72,1.2847447395324707,327.62115478515625,-0.3700000047683716,0.0,1
1774627486.139181,2733.57791,0,3,489904200,2411,18,0.6,51.4936586,-1.7484218,164.78,1.247279167175293,326.74310302734375,-0.36500000953674316,0.0,1
1774627486.33898,2733.777709,0,3,489904400,2411,18,0.6,51.4936604,-1.7484238,164.82,1.182729959487915,324.84527587890625,-0.1550000011920929,0.0,1
1774627486.538872,2733.977601,0,3,489904600,2411,18,0.6,51.493662,-1.7484258,164.83,1.1306679248809814,318.5137634277344,0.10400000214576721,0.0,1
1774627486.738937,2734.177666,0,3,489904800,2411,18,0.6,51.4936636,-1.748428,164.83,1.1563568115234375,319.1729736328125,0.10900000482797623,0.0,1
1774627486.93887,2734.377599,0,3,489905000,2411,18,0.6,51.4936652,-1.74843,164.77,1.1852903366088867,330.53692626953125,0.22500000894069672,0.0,1
1774627487.13889,2734.577619,0,3,489905200,2411,18,0.6,51.4936671,-1.7484317,164.73,1.2402968406677246,328.7193603515625,0.19300000369548798,0.0,1
1774627487.338897,2734.777626,0,3,489905400,2411,18,0.6,51.493669,-1.7484334,164.63,1.2927002906799316,337.581298828125,0.5460000038146973,0.0,1
1774627487.538713,2734.977442,0,3,489905600,2411,18,0.6,51.4936711,-1.7484348,164.5,1.2798271179199219,337.92425537109375,0.5100000500679016,0.0,1
1774627487.738513,2735.177242,0,3,489905800,2411,18,0.6,51.4936733,-1.7484361,164.48,1.3260506391525269,340.1165771484375,0.005000000353902578,0.0,1
1774627487.9587789,2735.397508,0,3,489906000,2411,18,0.6,51.4936755,-1.7484372,164.47,1.2878456115722656,347.0320739746094,-0.20100000500679016,0.0,1
1774627488.1387858,2735.577515,0,3,489906200,2411,18,0.6,51.4936777,-1.7484381,164.59,1.2015931606292725,343.314453125,-0.4480000138282776,0.0,1
1774627488.338727,2735.777456,0,3,489906400,2411,18,0.6,51.4936796,-1.7484394,164.77,1.0092695951461792,328.9875793457031,-0.9490000605583191,0.0,1
1774627488.538663,2735.977392,0,3,489906600,2411,18,0.6,51.4936812,-1.7484411,164.96,1.0673954486846924,325.3421936035156,-0.8940000534057617,0.0,1
1774627488.738594,2736.177323,0,3,489906800,2411,18,0.6,51.4936828,-1.7484427,165.12,1.0975905656814575,330.04791259765625,-0.7770000100135803,0.0,1
1774627488.938833,2736.377562,0,3,489907000,2411,18,0.6,51.4936846,-1.7484443,165.18,1.2918956279754639,335.4385986328125,-0.1290000081062317,0.0,1
1774627489.158655,2736.597384,0,3,489907200,2411,18,0.6,51.4936867,-1.7484459,165.14,1.3644534349441528,333.5851745605469,0.24900001287460327,0.0,1
1774627489.3586469,2736.797376,0,3,489907400,2411,18,0.6,51.4936889,-1.7484477,165.09,1.4725230932235718,334.58349609375,0.1340000033378601,0.0,1
1774627489.558526,2736.997255,0,3,489907600,2411,18,0.6,51.4936912,-1.7484494,165.06,1.414925217628479,337.4766845703125,0.06200000271201134,0.0,1
1774627489.738544,2737.177273,0,3,489907800,2411,18,0.6,51.4936934,-1.7484509,165.04,1.352362871170044,336.373046875,-0.027000000700354576,0.0,1
1774627489.9384758,2737.377205,0,3,489908000,2411,18,0.6,51.4936956,-1.7484525,165.04,1.343946933746338,336.44873046875,0.14500001072883606,0.0,1
1774627490.1585839,2737.597313,0,3,489908200,2411,18,0.6,51.4936979,-1.748454,165.01,1.3913849592208862,337.3421325683594,0.22800001502037048,0.0,1
1774627490.358554,2737.797283,0,3,489908400,2411,18,0.6,51.4937003,-1.7484554,164.93,1.4753905534744263,344.1079406738281,0.5670000314712524,0.0,1
1774627490.538342,2737.977071,0,3,489908600,2411,18,0.6,51.4937029,-1.7484565,164.87,1.5380462408065796,344.3462829589844,0.14500001072883606,0.0,1
1774627490.758434,2738.197163,0,3,489908800,2411,18,0.6,51.4937057,-1.7484576,164.78,1.7603323459625244,349.89019775390625,0.47700002789497375,0.0,1
1774627490.938484,2738.377213,0,3,489909000,2411,18,0.6,51.4937087,-1.7484584,164.64,1.7547414302825928,351.1818542480469,0.7140000462532043,0.0,1
1774627491.138395,2738.577124,0,3,489909200,2411,18,0.6,51.4937115,-1.7484594,164.57,1.3618957996368408,344.7596435546875,0.2980000078678131,0.0,1
1774627491.338388,2738.777117,0,3,489909400,2411,18,0.6,51.4937134,-1.7484603,164.57,0.8617337942123413,341.88043212890625,-0.22200001776218414,0.0,1
1774627491.538358,2738.977087,0,3,489909600,2411,18,0.6,51.4937143,-1.7484609,164.57,0.326741486787796,335.7882385253906,-0.281000018119812,0.0,1
1774627491.738191,2739.17692,0,3,489909800,2411,18,0.6,51.4937147,-1.7484613,164.65,0.20839625597000122,301.85968017578125,-0.27800002694129944,0.0,1
1774627491.938351,2739.37708,0,3,489910000,2411,18,0.6,51.4937151,-1.7484618,164.68,0.4330970048904419,335.15093994140625,-0.05900000408291817,0.0,1
1774627492.158063,2739.596792,0,3,489910200,2411,18,0.6,51.4937158,-1.7484626,164.73,0.48983773589134216,319.05615234375,-0.34800001978874207,0.0,1
1774627492.338059,2739.776788,0,3,489910400,2411,18,0.6,51.4937168,-1.7484639,164.85,0.903624951839447,319.48809814453125,-0.5640000104904175,0.0,1
1774627492.538257,2739.976986,0,3,489910600,2411,18,0.6,51.493718,-1.7484654,164.92,0.795015811920166,323.4904479980469,-0.11700000613927841,0.0,1
1774627492.7583048,2740.197034,0,3,489910800,2411,18,0.6,51.4937192,-1.7484669,164.93,0.8552988171577454,320.5032043457031,0.2670000195503235,0.0,1
1774627492.938022,2740.376751,0,3,489911000,2411,18,0.6,51.4937204,-1.7484682,164.87,0.8433564305305481,331.763671875,0.2720000147819519,0.0,1
1774627493.138612,2740.577341,0,3,489911200,2411,18,0.6,51.4937218,-1.7484695,164.84,0.8642251491546631,326.18121337890625,0.24900001287460327,0.0,1
1774627493.339361,2740.77809,0,3,489911400,2411,18,0.6,51.4937229,-1.7484708,164.77,0.6499422788619995,324.3291015625,0.39400002360343933,0.0,1
1774627493.538213,2740.976942,0,3,489911600,2411,18,0.6,51.4937236,-1.7484717,164.72,0.36124786734580994,302.10626220703125,0.16200000047683716,0.0,1
1774627493.738268,2741.176997,0,3,489911800,2411,18,0.6,51.4937238,-1.7484726,164.72,0.3129297196865082,282.9259948730469,-0.2510000169277191,0.0,1
1774627493.958162,2741.396891,0,3,489912000,2411,18,0.6,51.4937237,-1.7484734,164.75,0.3411422073841095,261.06231689453125,-0.2120000123977661,0.0,1
1774627494.138418,2741.577147,0,3,489912200,2411,18,0.6,51.4937236,-1.7484746,164.87,0.5158381462097168,252.51345825195312,-0.8010000586509705,0.0,1
1774627494.33818,2741.776909,0,3,489912400,2411,18,0.6,51.4937233,-1.748476,165.05,0.5376030206680298,261.0107421875,-0.9140000343322754,0.0,1
1774627494.538094,2741.976823,0,3,489912600,2411,18,0.6,51.4937234,-1.7484777,165.23,0.7730000615119934,284.61151123046875,-1.1100000143051147,0.0,1
1774627494.738153,2742.176882,0,3,489912800,2411,18,0.6,51.493724,-1.7484796,165.47,0.7025667428970337,301.9707946777344,-1.0,0.0,1
1774627494.937818,2742.376547,0,3,489913000,2411,18,0.6,51.4937248,-1.7484816,165.67,0.894459068775177,299.1728210449219,-0.7360000610351562,0.0,1
1774627495.1377718,2742.576501,0,3,489913200,2411,18,0.6,51.4937256,-1.7484839,165.73,0.9849756956100464,301.5922546386719,-0.16600000858306885,0.0,1
1774627495.338111,2742.77684,0,3,489913400,2411,18,0.6,51.4937266,-1.7484863,165.72,1.0038012266159058,306.778564453125,0.07600000500679016,0.0,1
1774627495.53807,2742.976799,0,3,489913600,2411,18,0.6,51.4937277,-1.7484887,165.72,1.0545027256011963,304.0216064453125,0.10200000554323196,0.0,1
1774627495.737957,2743.176686,0,3,489913800,2411,18,0.6,51.4937291,-1.7484913,165.68,1.2906588315963745,317.1350402832031,0.11000000685453415,0.0,1
1774627495.9379659,2743.376695,0,3,489914000,2411,18,0.6,51.4937309,-1.7484938,165.65,1.309444546699524,323.6026611328125,0.17800000309944153,0.0,1
1774627496.137886,2743.576615,0,3,489914200,2411,18,0.6,51.4937329,-1.7484961,165.6,1.4295052289962769,324.6533508300781,0.29600000381469727,0.0,1
1774627496.337946,2743.776675,0,3,489914400,2411,18,0.6,51.4937349,-1.7484983,165.55,1.3005791902542114,324.5135498046875,0.2670000195503235,0.0,1
1774627496.53902,2743.977749,0,3,489914600,2411,18,0.6,51.4937367,-1.7485006,165.51,1.2289589643478394,318.89300537109375,0.08100000023841858,0.0,1
1774627496.737959,2744.176688,0,3,489914800,2411,18,0.6,51.4937384,-1.7485028,165.52,1.2164394855499268,319.5008850097656,-0.15900000929832458,0.0,1
1774627496.957836,2744.396565,0,3,489915000,2411,18,0.6,51.4937399,-1.748505,165.57,1.0928646326065063,316.5201110839844,-0.3580000102519989,0.0,1
1774627497.13792,2744.576649,0,3,489915200,2411,18,0.6,51.4937413,-1.7485071,165.62,1.0477981567382812,316.8949890136719,-0.15700000524520874,0.0,1
1774627497.337576,2744.776305,0,3,489915400,2411,18,0.6,51.4937426,-1.7485092,165.64,0.986175000667572,310.8470764160156,0.014000000432133675,0.0,1
1774627497.5377579,2744.976487,0,3,489915600,2411,18,0.6,51.4937433,-1.7485114,165.6,0.8763161897659302,290.0892333984375,0.014000000432133675,0.0,1
1774627497.73775,2745.176479,0,3,489915800,2411,18,0.6,51.4937436,-1.7485137,165.59,0.8079171180725098,276.32452392578125,0.014000000432133675,0.0,1
1774627497.937705,2745.376434,0,3,489916000,2411,18,0.6,51.4937437,-1.7485159,165.56,0.8075209259986877,267.94195556640625,0.13500000536441803,0.0,1
1774627498.1377149,2745.576444,0,3,489916200,2411,18,0.6,51.4937435,-1.7485181,165.51,0.7591219544410706,264.02655029296875,0.11300000548362732,0.0,1
1774627498.337729,2745.776458,0,3,489916400,2411,18,0.6,51.4937433,-1.7485203,165.5,0.7963548898696899,260.3129577636719,-0.1080000028014183,0.0,1
1774627498.537468,2745.976197,0,3,489916600,2411,18,0.6,51.4937431,-1.7485226,165.52,0.8525755405426025,258.01788330078125,0.03200000151991844,0.0,1
1774627498.737427,2746.176156,0,3,489916800,2411,18,0.6,51.4937427,-1.748525,165.54,0.8579306602478027,251.37498474121094,-0.2150000035762787,0.0,1
1774627498.9374568,2746.376186,0,3,489917000,2411,18,0.6,51.493742,-1.7485273,165.61,0.9676125645637512,240.60031127929688,-0.37400001287460327,0.0,1
1774627499.15768,2746.596409,0,3,489917200,2411,18,0.6,51.4937411,-1.7485298,165.68,1.0228480100631714,238.59432983398438,-0.4490000307559967,0.0,1
1774627499.357687,2746.796416,0,3,489917400,2411,18,0.6,51.4937398,-1.7485325,165.78,1.3778977394104004,226.47032165527344,-0.46300002932548523,0.0,1
1774627499.537647,2746.976376,0,3,489917600,2411,18,0.6,51.4937382,-1.7485355,165.85,1.3502315282821655,234.19102478027344,-0.16900001466274261,0.0,1
1774627499.7376049,2747.176334,0,3,489917800,2411,18,0.6,51.4937368,-1.7485387,165.83,1.3226901292800903,236.50216674804688,0.406000018119812,0.0,1
1774627499.977303,2747.416032,0,3,489918000,2411,18,0.6,51.4937354,-1.7485418,165.73,1.3502315282821655,234.19102478027344,0.43800002336502075,0.0,1
1774627500.157572,2747.596301,0,3,489918200,2411,18,0.6,51.4937338,-1.748545,165.69,1.5056228637695312,228.17684936523438,0.007000000216066837,0.0,1
1774627500.3376439,2747.776373,0,3,489918400,2411,18,0.6,51.4937317,-1.748548,165.68,1.6323542594909668,215.67642211914062,-0.14100000262260437,0.0,1
1774627500.537382,2747.976111,0,3,489918600,2411,18,0.6,51.493729,-1.7485506,165.75,1.9091802835464478,206.26979064941406,-0.46000000834465027,0.0,1
1774627500.7372959,2748.176025,0,3,489918800,2411,18,0.6,51.4937257,-1.7485528,165.77,2.014061212539673,199.46055603027344,0.01900000125169754,0.0,1
1774627500.93754,2748.376269,0,3,489919000,2411,18,0.6,51.4937221,-1.7485547,165.75,2.2108755111694336,197.2875518798828,0.19600000977516174,0.0,1
1774627501.157481,2748.59621,0,3,489919200,2411,18,0.6,51.4937181,-1.7485564,165.67,2.3774495124816895,192.51051330566406,0.7160000205039978,0.0,1
1774627501.357455,2748.796184,0,3,489919400,2411,18,0.6,51.493714,-1.7485579,165.51,2.2536911964416504,193.65396118164062,0.43700000643730164,0.0,1
1774627501.537334,2748.976063,0,3,489919600,2411,18,0.6,51.4937101,-1.7485594,165.44,2.3075268268585205,193.6869659423828,0.3570000231266022,0.0,1
1774627501.737308,2749.176037,0,3,489919800,2411,18,0.6,51.4937063,-1.7485611,165.43,2.173130512237549,198.23486328125,-0.02200000174343586,0.0,1
1774627501.937455,2749.376184,0,3,489920000,2411,18,0.6,51.4937027,-1.7485632,165.41,1.9801157712936401,202.97824096679688,0.021000001579523087,0.0,1
1774627502.157353,2749.596082,0,3,489920200,2411,18,0.6,51.4936994,-1.7485656,165.39,1.962937831878662,207.19163513183594,0.10200000554323196,0.0,1
1774627502.3375509,2749.77628,0,3,489920400,2411,18,0.6,51.4936962,-1.7485681,165.37,2.0306649208068848,205.55555725097656,0.03400000184774399,0.0,1
1774627502.537438,2749.976167,0,3,489920600,2411,18,0.6,51.4936927,-1.7485706,165.38,2.2098875045776367,203.2122039794922,-0.005000000353902578,0.0,1
1774627502.737426,2750.176155,0,3,489920800,2411,18,0.6,51.4936889,-1.7485731,165.37,2.37565279006958,200.9907684326172,0.19300000369548798,0.0,1
1774627502.937394,2750.376123,0,3,489921000,2411,18,0.6,51.493685,-1.7485754,165.35,2.356438398361206,199.22694396972656,0.1290000081062317,0.0,1
1774627503.137354,2750.576083,0,3,489921200,2411,18,0.6,51.4936808,-1.7485776,165.36,2.5315816402435303,197.75502014160156,-0.05100000277161598,0.0,1
1774627503.337374,2750.776103,0,3,489921400,2411,18,0.6,51.4936765,-1.7485797,165.34,2.5099964141845703,195.81370544433594,0.08500000089406967,0.0,1
1774627503.5372849,2750.976014,0,3,489921600,2411,18,0.6,51.4936721,-1.7485816,165.31,2.5360829830169678,194.61708068847656,0.4020000100135803,0.0,1
1774627503.737213,2751.175942,0,3,489921800,2411,18,0.6,51.4936678,-1.7485834,165.22,2.537766218185425,194.58383178710938,0.6540000438690186,0.0,1
1774627503.937265,2751.375994,0,3,489922000,2411,18,0.6,51.4936633,-1.748585,165.09,2.468524694442749,191.1415252685547,0.4700000286102295,0.0,1
1774627504.137457,2751.576186,0,3,489922200,2411,18,0.6,51.4936591,-1.7485865,164.98,2.3121819496154785,193.53140258789062,0.48500001430511475,0.0,1
1774627504.337205,2751.775934,0,3,489922400,2411,18,0.6,51.4936555,-1.7485882,164.95,1.9792706966400146,201.14559936523438,0.06300000101327896,0.0,1
1774627504.5371869,2751.975916,0,3,489922600,2411,18,0.6,51.4936529,-1.7485906,164.98,1.44820237159729,218.77720642089844,-0.2150000035762787,0.0,1
1774627504.737148,2752.175877,0,3,489922800,2411,18,0.6,51.4936513,-1.7485932,165.05,1.2184158563613892,232.8385467529297,-0.30900001525878906,0.0,1
1774627504.937101,2752.37583,0,3,489923000,2411,18,0.6,51.4936501,-1.7485958,165.09,1.0356409549713135,233.63909912109375,-0.03200000151991844,0.0,1
1774627505.137054,2752.575783,0,3,489923200,2411,18,0.6,51.493649,-1.7485981,165.11,1.0408622026443481,225.07785034179688,0.039000000804662704,0.0,1
1774627505.337087,2752.775816,0,3,489923400,2411,18,0.6,51.4936475,-1.7486,165.12,1.148627519607544,211.72515869140625,-0.14100000262260437,0.0,1
1774627505.5367498,2752.975479,0,3,489923600,2411,18,0.6,51.4936457,-1.7486015,165.17,1.1817975044250488,202.22454833984375,-0.21800000965595245,0.0,1
1774627505.736696,2753.175425,0,3,489923800,2411,18,0.6,51.4936439,-1.7486027,165.24,1.000232458114624,202.51412963867188,-0.3290000259876251,0.0,1
1774627505.9567099,2753.395439,0,3,489924000,2411,18,0.6,51.4936423,-1.7486037,165.29,0.9862682223320007,201.28359985351562,-0.10300000756978989,0.0,1
1774627506.156981,2753.59571,0,3,489924200,2411,18,0.6,51.4936408,-1.7486047,165.32,0.8922163844108582,206.13427734375,0.017000000923871994,0.0,1
1774627506.3367128,2753.775442,0,3,489924400,2411,18,0.6,51.4936396,-1.7486056,165.33,0.7256680130958557,203.98654174804688,0.05900000408291817,0.0,1
1774627506.556939,2753.995668,0,3,489924600,2411,18,0.6,51.4936387,-1.7486063,165.33,0.36417853832244873,213.122802734375,0.0010000000474974513,0.0,1
1774627506.756868,2754.195597,0,3,489924800,2411,18,0.6,51.4936383,-1.7486068,165.32,0.25625380873680115,243.3349609375,0.020000001415610313,0.0,1
1774627506.956668,2754.395397,0,3,489925000,2411,18,0.6,51.4936383,-1.7486075,165.3,0.25760823488235474,290.68621826171875,0.09100000560283661,0.0,1
1774627507.136771,2754.5755,0,3,489925200,2411,18,0.6,51.4936387,-1.748608,165.27,0.42522937059402466,335.8459777832031,0.13100001215934753,0.0,1
1774627507.3367789,2754.775508,0,3,489925400,2411,18,0.6,51.4936395,-1.7486084,165.25,0.4790375828742981,346.6019592285156,0.09100000560283661,0.0,1
1774627507.536769,2754.975498,0,3,489925600,2411,18,0.6,51.4936404,-1.7486085,165.24,0.5253437161445618,2.0726568698883057,0.04700000211596489,0.0,1
1774627507.7367508,2755.17548,0,3,489925800,2411,18,0.6,51.4936412,-1.7486083,165.21,0.5091168880462646,8.13010311126709,-0.004000000189989805,0.0,1
1774627507.936763,2755.375492,0,3,489926000,2411,18,0.6,51.4936421,-1.7486078,165.19,0.5299670100212097,26.081554412841797,0.24500000476837158,0.0,1
1774627508.136771,2755.5755,0,3,489926200,2411,18,0.6,51.493643,-1.7486071,165.16,0.5700035095214844,28.273521423339844,0.020000001415610313,0.0,1
1774627508.3366408,2755.77537,0,3,489926400,2411,18,0.6,51.493644,-1.7486062,165.18,0.726347804069519,27.37645149230957,-0.06200000271201134,0.0,1
1774627508.556751,2755.99548,0,3,489926600,2411,18,0.6,51.4936452,-1.748605,165.19,0.9108238220214844,33.89942932128906,-0.19100001454353333,0.0,1
1774627508.7366788,2756.175408,0,3,489926800,2411,18,0.6,51.4936468,-1.7486035,165.24,1.0872962474822998,29.9605712890625,-0.22100001573562622,0.0,1
1774627508.9364579,2756.375187,0,3,489927000,2411,18,0.6,51.4936487,-1.7486018,165.27,1.2848416566848755,28.699432373046875,-0.11400000751018524,0.0,1
1774627509.1563818,2756.595111,0,3,489927200,2411,18,0.6,51.4936509,-1.7485999,165.31,1.487253189086914,30.68626594543457,-0.23000000417232513,0.0,1
1774627509.336686,2756.775415,0,3,489927400,2411,18,0.6,51.4936535,-1.7485975,165.35,1.7875785827636719,31.387020111083984,-0.2720000147819519,0.0,1
1774627509.556427,2756.995156,0,3,489927600,2411,18,0.6,51.4936565,-1.7485947,165.44,2.010603189468384,29.727209091186523,-0.4830000102519989,0.0,1
1774627509.7365599,2757.175289,0,3,489927800,2411,18,0.6,51.4936598,-1.7485919,165.57,2.12825870513916,28.576080322265625,-0.690000057220459,0.0,1
1774627509.9564888,2757.395218,0,3,489928000,2411,18,0.6,51.4936632,-1.7485889,165.65,2.187978982925415,30.97273826599121,-0.23200000822544098,0.0,1
1774627510.1564798,2757.595209,0,3,489928200,2411,18,0.6,51.4936668,-1.7485857,165.62,2.332808017730713,28.608497619628906,0.30000001192092896,0.0,1
1774627510.336547,2757.775276,0,3,489928400,2411,18,0.6,51.4936706,-1.7485824,165.61,2.432204246520996,28.91503143310547,-0.08500000089406967,0.0,1
1774627510.536265,2757.974994,0,3,489928600,2411,18,0.6,51.4936744,-1.7485792,165.64,2.4392452239990234,28.235525131225586,-0.25300002098083496,0.0,1
1774627510.736518,2758.175247,0,3,489928800,2411,18,0.6,51.4936784,-1.7485759,165.6,2.562981367111206,26.585044860839844,0.2580000162124634,0.0,1
1774627510.936439,2758.375168,0,3,489929000,2411,18,0.6,51.4936825,-1.748573,165.52,2.391200065612793,21.74801254272461,0.5240000486373901,0.0,1
1774627511.156151,2758.59488,0,3,489929200,2411,18,0.6,51.4936864,-1.7485707,165.37,2.3693902492523193,19.96451187133789,0.5370000004768372,0.0,1
1774627511.336464,2758.775193,0,3,489929400,2411,18,0.6,51.4936904,-1.7485686,165.35,2.2715752124786377,17.868627548217773,0.10400000214576721,0.0,1
1774627511.556154,2758.994883,0,3,489929600,2411,18,0.6,51.4936945,-1.7485665,165.33,2.434678077697754,19.78204917907715,0.027000000700354576,0.0,1
1774627511.736139,2759.174868,0,3,489929800,2411,18,0.6,51.4936987,-1.7485641,165.31,2.5085654258728027,19.951885223388672,-0.05900000408291817,0.0,1
1774627511.956126,2759.394855,0,3,489930000,2411,18,0.6,51.4937031,-1.7485618,165.36,2.6298909187316895,17.367019653320312,-0.3680000305175781,0.0,1
1774627512.136293,2759.575022,0,3,489930200,2411,18,0.6,51.4937074,-1.7485596,165.4,2.4565460681915283,17.948150634765625,-0.11300000548362732,0.0,1
1774627512.336084,2759.774813,0,3,489930400,2411,18,0.6,51.4937117,-1.7485576,165.41,2.4535698890686035,16.62543296813965,-0.09000000357627869,0.0,1
1774627512.5363119,2759.975041,0,3,489930600,2411,18,0.6,51.4937158,-1.7485558,165.42,2.2965736389160156,14.139108657836914,-0.03500000014901161,0.0,1
1774627512.736096,2760.174825,0,3,489930800,2411,18,0.6,51.4937199,-1.7485544,165.43,2.2332589626312256,11.808055877685547,-0.04700000211596489,0.0,1
1774627512.936322,2760.375051,0,3,489931000,2411,18,0.6,51.4937238,-1.7485531,165.42,2.1879618167877197,13.102569580078125,-0.07900000363588333,0.0,1
1774627513.136267,2760.574996,0,3,489931200,2411,18,0.6,51.4937276,-1.7485518,165.4,2.1102542877197266,13.259175300598145,0.12300000339746475,0.0,1
1774627513.33601,2760.774739,0,3,489931400,2411,18,0.6,51.4937313,-1.7485505,165.35,1.9626027345657349,13.915873527526855,0.39100003242492676,0.0,1
1774627513.5359569,2760.974686,0,3,489931600,2411,18,0.6,51.4937347,-1.7485493,165.22,1.9086462259292603,13.359122276306152,0.6150000095367432,0.0,1
1774627513.736201,2761.17493,0,3,489931800,2411,18,0.6,51.4937379,-1.7485481,165.14,1.7912156581878662,13.462140083312988,0.07200000435113907,0.0,1
1774627513.936228,2761.374957,0,3,489932000,2411,18,0.6,51.493741,-1.7485468,165.13,1.8395230770111084,18.740283966064453,0.01900000125169754,0.0,1
1774627514.1360888,2761.574818,0,3,489932200,2411,18,0.6,51.4937442,-1.748545,165.12,1.8508261442184448,21.755420684814453,-0.03700000047683716,0.0,1
1774627514.356107,2761.794836,0,3,489932400,2411,18,0.6,51.493747,-1.7485431,165.15,1.6284806728363037,24.487628936767578,-0.2880000174045563,0.0,1
1774627514.55627,2761.994999,0,3,489932600,2411,18,0.6,51.4937494,-1.7485413,165.18,1.3215340375900269,29.164093017578125,0.09200000762939453,0.0,1
1774627514.7357678,2762.174497,0,3,489932800,2411,18,0.6,51.4937513,-1.7485396,165.14,1.0487254858016968,33.05363845825195,0.31200000643730164,0.0,1
1774627514.955808,2762.394537,0,3,489933000,2411,18,0.6,51.4937526,-1.748538,165.04,0.8577208518981934,45.04723358154297,0.6370000243186951,0.0,1
1774627515.135824,2762.574553,0,3,489933200,2411,18,0.6,51.4937535,-1.7485363,164.87,0.6665883660316467,50.722686767578125,0.6950000524520874,0.0,1
1774627515.355778,2762.794507,0,3,489933400,2411,18,0.6,51.493754,-1.7485349,164.74,0.5028717517852783,78.06439208984375,0.5420000553131104,0.0,1
1774627515.53596,2762.974689,0,3,489933600,2411,18,0.6,51.493754,-1.7485336,164.62,0.3799183964729309,97.1063003540039,0.5690000057220459,0.0,1
1774627515.735868,2763.174597,0,3,489933800,2411,18,0.6,51.4937537,-1.7485327,164.55,0.48052579164505005,139.98068237304688,0.27800002694129944,0.0,1
1774627515.9358509,2763.37458,0,3,489934000,2411,18,0.6,51.4937529,-1.7485322,164.49,0.4935271143913269,170.6712646484375,0.2550000250339508,0.0,1
1774627516.15594,2763.594669,0,3,489934200,2411,18,0.6,51.4937519,-1.7485321,164.45,0.6371538639068604,181.25904846191406,0.12400000542402267,0.0,1
1774627516.335898,2763.774627,0,3,489934400,2411,18,0.6,51.4937506,-1.7485324,164.42,0.8154827356338501,188.7461700439453,0.17600001394748688,0.0,1
1774627516.535903,2763.974632,0,3,489934600,2411,18,0.6,51.4937489,-1.7485329,164.38,1.0586241483688354,192.38206481933594,0.09300000220537186,0.0,1
1774627516.735883,2764.174612,0,3,489934800,2411,18,0.6,51.493747,-1.7485336,164.35,1.136391282081604,192.60537719726562,0.3140000104904175,0.0,1
1774627516.935776,2764.374505,0,3,489935000,2411,18,0.6,51.4937449,-1.7485343,164.29,1.3031920194625854,191.28407287597656,0.26200002431869507,0.0,1
1774627517.135714,2764.574443,0,3,489935200,2411,18,0.6,51.4937426,-1.748535,164.21,1.302926778793335,190.03346252441406,0.3530000150203705,0.0,1
1774627517.335914,2764.774643,0,3,489935400,2411,18,0.6,51.4937401,-1.7485356,164.13,1.5083849430084229,186.3947296142578,0.36500000953674316,0.0,1
1774627517.535593,2764.974322,0,3,489935600,2411,18,0.6,51.4937371,-1.748536,163.99,1.7274188995361328,182.3224334716797,0.36400002241134644,0.0,1
1774627517.735517,2765.174246,0,3,489935800,2411,18,0.6,51.4937339,-1.7485364,163.95,1.7783242464065552,186.74937438964844,-0.004000000189989805,0.0,1
1774627517.9557679,2765.394497,0,3,489936000,2411,18,0.6,51.4937306,-1.7485368,163.98,1.8934352397918701,182.90623474121094,-0.1900000125169754,0.0,1
1774627518.135624,2765.574353,0,3,489936200,2411,18,0.6,51.4937271,-1.748537,163.99,1.9950565099716187,179.56919860839844,-0.0560000017285347,0.0,1
1774627518.335645,2765.774374,0,3,489936400,2411,18,0.6,51.4937234,-1.7485369,163.96,2.025280475616455,177.96266174316406,0.1469999998807907,0.0,1
1774627518.5557709,2765.9945,0,3,489936600,2411,18,0.6,51.4937198,-1.7485367,163.9,1.945296287536621,177.9083251953125,0.1810000091791153,0.0,1
1774627518.735652,2766.174381,0,3,489936800,2411,18,0.6,51.4937163,-1.7485365,163.88,1.9245812892913818,177.67724609375,0.07200000435113907,0.0,1
1774627518.955587,2766.394316,0,3,489937000,2411,18,0.6,51.4937129,-1.7485362,163.92,1.955945372581482,175.9248046875,-0.5640000104904175,0.0,1
1774627519.155606,2766.594335,0,3,489937200,2411,17,0.62,51.4937095,-1.748536,164.06,1.7975654602050781,177.60873413085938,-0.6150000095367432,0.0,1
1774627519.3554559,2766.794185,0,3,489937400,2411,18,0.6,51.4937064,-1.7485357,164.13,1.7152029275894165,175.98814392089844,-0.2750000059604645,0.0,1
1774627519.535371,2766.9741,0,3,489937600,2411,18,0.6,51.4937032,-1.7485354,164.13,1.7670631408691406,176.62591552734375,0.20100000500679016,0.0,1
1774627519.755315,2767.194044,0,3,489937800,2411,18,0.6,51.4937001,-1.7485352,164.11,1.7506508827209473,176.2991180419922,-0.03100000135600567,0.0,1
1774627519.955447,2767.394176,0,3,489938000,2411,18,0.6,51.4936972,-1.7485348,164.1,1.5772258043289185,174.9075164794922,0.05300000309944153,0.0,1
1774627520.155496,2767.594225,0,3,489938200,2411,18,0.6,51.4936945,-1.7485345,164.1,1.3805187940597534,174.4298095703125,-0.1120000034570694,0.0,1
1774627520.355511,2767.79424,0,3,489938400,2411,18,0.6,51.4936923,-1.7485342,164.13,1.1661055088043213,174.6365203857422,-0.1940000057220459,0.0,1
1774627520.555485,2767.994214,0,3,489938600,2411,18,0.6,51.4936904,-1.7485338,164.17,0.9277090430259705,169.4410400390625,-0.3850000202655792,0.0,1
1774627520.755482,2768.194211,0,3,489938800,2411,18,0.6,51.4936888,-1.7485335,164.26,0.9115404486656189,173.1322479248047,-0.48500001430511475,0.0,1
1774627520.935445,2768.374174,0,3,489939000,2411,18,0.6,51.4936873,-1.7485328,164.28,0.7465360164642334,151.1690216064453,-0.11900000274181366,0.0,1
1774627521.1554449,2768.594174,0,3,489939200,2411,18,0.6,51.4936862,-1.7485317,164.3,0.8405950665473938,147.63336181640625,0.04800000041723251,0.0,1
1774627521.355555,2768.794284,0,3,489939400,2411,18,0.6,51.4936849,-1.7485302,164.27,0.8670784831047058,137.57073974609375,-0.024000000208616257,0.0,1
1774627521.5554519,2768.994181,0,3,489939600,2411,18,0.6,51.4936838,-1.7485283,164.27,0.9444003701210022,129.7589569091797,-0.0820000022649765,0.0,1
1774627521.7353,2769.174029,0,3,489939800,2411,18,0.6,51.4936827,-1.748526,164.27,1.0467207431793213,123.7811508178711,0.029000001028180122,0.0,1
1774627521.935314,2769.374043,0,3,489940000,2411,18,0.6,51.4936817,-1.7485234,164.27,1.117087721824646,118.79055786132812,-0.09600000083446503,0.0,1
1774627522.155349,2769.594078,0,3,489940200,2411,17,0.62,51.4936807,-1.7485205,164.26,1.2215285301208496,120.17539978027344,0.16100001335144043,0.0,1
1774627522.335384,2769.774113,0,3,489940400,2411,17,0.62,51.4936796,-1.7485173,164.21,1.2508630752563477,116.74939727783203,0.2150000035762787,0.0,1
1774627522.555343,2769.994072,0,3,489940600,2411,18,0.6,51.4936788,-1.7485141,164.14,1.1872161626815796,107.70237731933594,0.40400001406669617,0.0,1
1774627522.755059,2770.193788,0,3,489940800,2411,18,0.6,51.4936782,-1.7485109,164.09,1.169805645942688,106.43651580810547,-0.08300000429153442,0.0,1
1774627522.955105,2770.393834,0,3,489941000,2411,18,0.6,51.4936774,-1.7485078,164.16,1.2235493659973145,118.7225570678711,-0.44200003147125244,0.0,1
1774627523.155097,2770.593826,0,3,489941200,2411,18,0.6,51.4936762,-1.7485046,164.17,1.3126164674758911,118.73238372802734,-0.11100000888109207,0.0,1
1774627523.354984,2770.793713,0,3,489941400,2411,18,0.6,51.493675,-1.7485014,164.21,1.331913709640503,127.61841583251953,-0.07800000160932541,0.0,1
1774627523.5549629,2770.993692,0,3,489941600,2411,18,0.6,51.4936736,-1.7484984,164.2,1.347335934638977,129.9416961669922,0.09000000357627869,0.0,1
1774627523.735149,2771.173878,0,3,489941800,2411,18,0.6,51.4936721,-1.7484955,164.19,1.244411587715149,128.34341430664062,-0.010000000707805157,0.0,1
1774627523.975134,2771.413863,0,3,489942000,2411,18,0.6,51.4936707,-1.7484927,164.19,1.3044404983520508,129.7436981201172,0.07300000637769699,0.0,1
1774627524.154957,2771.593686,0,3,489942200,2411,18,0.6,51.4936691,-1.7484898,164.16,1.3177443742752075,130.5682830810547,0.08300000429153442,0.0,1
1774627524.35503,2771.793759,0,3,489942400,2411,18,0.6,51.4936677,-1.748487,164.15,1.217538595199585,132.3369903564453,0.1300000101327896,0.0,1
1774627524.555115,2771.993844,0,3,489942600,2411,18,0.6,51.4936664,-1.7484845,164.15,1.1178953647613525,129.6283721923828,0.006000000052154064,0.0,1
1774627524.7548358,2772.193565,0,3,489942800,2411,18,0.6,51.4936652,-1.7484823,164.16,0.9658830761909485,130.63345336914062,-0.01600000075995922,0.0,1
1774627524.954805,2772.393534,0,3,489943000,2411,18,0.6,51.4936642,-1.7484805,164.19,0.8763572573661804,142.04473876953125,-0.20000000298023224,0.0,1
1774627525.1549919,2772.593721,0,3,489943200,2411,18,0.6,51.4936631,-1.748479,164.22,0.7364950776100159,139.01898193359375,0.009000000543892384,0.0,1
1774627525.354826,2772.793555,0,3,489943400,2411,18,0.6,51.4936621,-1.7484775,164.18,0.770756185054779,137.47128295898438,0.37800002098083496,0.0,1
1774627525.555178,2772.993907,0,3,489943600,2411,18,0.6,51.4936613,-1.748476,164.15,0.7068500518798828,128.39395141601562,0.2070000171661377,0.0,1
1774627525.754988,2773.193717,0,3,489943800,2411,18,0.6,51.4936609,-1.7484744,164.1,0.6143354773521423,98.23561096191406,0.3850000202655792,0.0,1
1774627525.955021,2773.39375,0,3,489944000,2411,18,0.6,51.493661,-1.7484726,163.98,0.662770688533783,79.65648651123047,0.675000011920929,0.0,1
1774627526.15514,2773.593869,0,3,489944200,2411,18,0.6,51.4936614,-1.7484709,163.84,0.5977976322174072,55.219974517822266,0.4090000092983246,0.0,1
1774627526.334874,2773.773603,0,3,489944400,2411,18,0.6,51.4936623,-1.7484699,163.83,0.7145600914955139,16.253787994384766,-0.12300000339746475,0.0,1
1774627526.5549,2773.993629,0,3,489944600,2411,18,0.6,51.4936636,-1.7484695,163.91,0.796553909778595,8.882879257202148,-0.41700002551078796,0.0,1
1774627526.754909,2774.193638,0,3,489944800,2411,18,0.6,51.493665,-1.7484693,163.89,0.8411521911621094,1.0899189710617065,0.29500001668930054,0.0,1
1774627526.954608,2774.393337,0,3,489945000,2411,18,0.6,51.4936669,-1.7484693,163.85,1.2155332565307617,358.3028564453125,0.1980000138282776,0.0,1
1774627527.154628,2774.593357,0,3,489945200,2411,18,0.6,51.4936692,-1.7484695,163.83,1.3628441095352173,356.29779052734375,-0.20900000631809235,0.0,1
1774627527.354548,2774.793277,0,3,489945400,2411,18,0.6,51.4936719,-1.74847,163.93,1.5392310619354248,351.9330749511719,-0.503000020980835,0.0,1
1774627527.554529,2774.993258,0,3,489945600,2411,18,0.6,51.4936746,-1.7484709,164.0,1.4912643432617188,344.6404113769531,-0.2800000011920929,0.0,1
1774627527.7345018,2775.173231,0,3,489945800,2411,18,0.6,51.4936769,-1.7484724,164.0,1.2909563779830933,332.2042541503906,-0.19200000166893005,0.0,1
1774627527.954789,2775.393518,0,3,489946000,2411,18,0.6,51.4936789,-1.7484743,164.06,1.2306137084960938,322.86004638671875,-0.367000013589859,0.0,1
1774627528.1547399,2775.593469,0,3,489946200,2411,18,0.6,51.4936806,-1.7484763,164.08,1.0905412435531616,326.36822509765625,-0.1990000158548355,0.0,1
1774627528.354691,2775.79342,0,3,489946400,2411,18,0.6,51.4936825,-1.7484782,164.19,1.3509877920150757,330.17095947265625,-0.5300000309944153,0.0,1
1774627528.554589,2775.993318,0,3,489946600,2411,18,0.6,51.4936843,-1.7484799,164.21,0.992782473564148,330.4913330078125,-0.12400000542402267,0.0,1
1774627528.7548609,2776.19359,0,3,489946800,2411,18,0.6,51.4936857,-1.7484813,164.27,0.8141990900039673,324.3968811035156,-0.2970000207424164,0.0,1
1774627528.9545689,2776.393298,0,3,489947000,2411,18,0.6,51.4936867,-1.7484824,164.3,0.5002769231796265,329.4880065917969,-0.1120000034570694,0.0,1
1774627529.134589,2776.573318,0,3,489947200,2411,18,0.6,51.4936872,-1.7484829,164.31,0.2112557739019394,331.1297912597656,0.014000000432133675,0.0,1
1774627529.354604,2776.793333,0,3,489947400,2411,18,0.6,51.4936874,-1.7484831,164.31,0.033526111394166946,162.64596557617188,-0.003000000026077032,0.0,1
1774627529.554558,2776.993287,0,3,489947600,2411,18,0.6,51.4936871,-1.7484828,164.3,0.31975772976875305,130.81507873535156,0.04200000315904617,0.0,1
1774627529.754621,2777.19335,0,3,489947800,2411,18,0.6,51.4936866,-1.7484821,164.27,0.42922255396842957,143.71743774414062,0.10600000619888306,0.0,1
1774627529.95448,2777.393209,0,3,489948000,2411,18,0.6,51.493686,-1.7484814,164.25,0.46439749002456665,147.5761260986328,0.13500000536441803,0.0,1
1774627530.15444,2777.593169,0,3,489948200,2411,18,0.6,51.4936853,-1.7484808,164.18,0.4146384298801422,146.30992126464844,0.40800002217292786,0.0,1
1774627530.354503,2777.793232,0,3,489948400,2411,18,0.6,51.4936847,-1.7484804,164.13,0.3563593626022339,177.42662048339844,0.21300001442432404,0.0,1
1774627530.53446,2777.973189,0,3,489948600,2411,18,0.6,51.4936841,-1.7484803,164.06,0.2692582607269287,164.93150329589844,0.30000001192092896,0.0,1
1774627530.7544239,2778.193153,0,3,489948800,2411,18,0.6,51.4936834,-1.7484803,164.04,0.49244391918182373,185.71060180664062,0.02800000086426735,0.0,1
1774627530.954627,2778.393356,0,3,489949000,2411,18,0.6,51.4936824,-1.7484804,164.05,0.6250647902488708,179.17498779296875,-0.05400000140070915,0.0,1
1774627531.154285,2778.593014,0,3,489949200,2411,18,0.6,51.4936813,-1.7484804,164.03,0.6660908460617065,179.0537567138672,0.19100001454353333,0.0,1
1774627531.354337,2778.793066,0,3,489949400,2411,18,0.6,51.4936802,-1.7484806,164.0,0.534951388835907,192.63336181640625,0.2840000092983246,0.0,1
1774627531.554574,2778.993303,0,3,489949600,2411,18,0.6,51.4936795,-1.7484809,163.93,0.24878104031085968,204.7108154296875,0.2370000183582306,0.0,1
1774627531.7542899,2779.193019,0,3,489949800,2411,18,0.6,51.4936791,-1.7484815,163.89,0.3701351284980774,215.3217315673828,0.1510000079870224,0.0,1
1774627531.9543788,2779.393108,0,3,489950000,2411,18,0.6,51.4936785,-1.7484821,163.86,0.38829371333122253,213.4445343017578,0.039000000804662704,0.0,1
1774627532.154361,2779.59309,0,3,489950200,2411,18,0.6,51.4936777,-1.7484828,163.84,0.5880986452102661,204.298828125,0.10400000214576721,0.0,1
1774627532.354383,2779.793112,0,3,489950400,2411,18,0.6,51.4936766,-1.7484835,163.83,0.6409251689910889,200.83856201171875,-0.04500000178813934,0.0,1
1774627532.554025,2779.992754,0,3,489950600,2411,18,0.6,51.4936755,-1.7484842,163.84,0.7156487107276917,198.91600036621094,-0.0950000062584877,0.0,1
1774627532.7540479,2780.192777,0,3,489950800,2411,18,0.6,51.4936742,-1.7484848,163.86,0.7567364573478699,189.20094299316406,0.04500000178813934,0.0,1
1774627532.95431,2780.393039,0,3,489951000,2411,18,0.6,51.4936729,-1.7484851,163.86,0.6841060519218445,188.82894897460938,-0.01600000075995922,0.0,1
1774627533.134224,2780.572953,0,3,489951200,2411,18,0.6,51.4936717,-1.7484854,163.83,0.6609818339347839,187.03900146484375,0.11100000888109207,0.0,1
1774627533.3542619,2780.792991,0,3,489951400,2411,18,0.6,51.4936703,-1.7484857,163.79,0.8844462037086487,185.05955505371094,0.37400001287460327,0.0,1
1774627533.554225,2780.992954,0,3,489951600,2411,18,0.6,51.4936687,-1.748486,163.74,0.945517897605896,186.19297790527344,0.20100000500679016,0.0,1
1774627533.754155,2781.192884,0,3,489951800,2411,18,0.6,51.4936671,-1.7484863,163.72,0.8446775078773499,187.20916748046875,0.15900000929832458,0.0,1
1774627533.954215,2781.392944,0,3,489952000,2411,18,0.6,51.4936658,-1.7484867,163.71,0.5833498239517212,194.79856872558594,-0.1120000034570694,0.0,1
1774627534.154118,2781.592847,0,3,489952200,2411,18,0.6,51.493665,-1.7484872,163.76,0.49241143465042114,207.18951416015625,-0.3100000023841858,0.0,1
1774627534.354136,2781.792865,0,3,489952400,2411,18,0.6,51.4936644,-1.748488,163.83,0.38353750109672546,220.8767547607422,-0.16900001466274261,0.0,1
1774627534.533882,2781.972611,0,3,489952600,2411,18,0.6,51.493664,-1.7484888,163.81,0.329548180103302,250.6853485107422,0.125,0.0,1
1774627534.7540329,2782.192762,0,3,489952800,2411,18,0.6,51.4936639,-1.7484898,163.77,0.3942638635635376,280.22686767578125,0.2550000250339508,0.0,1
1774627534.954019,2782.392748,0,3,489953000,2411,18,0.6,51.4936643,-1.7484912,163.71,0.6369757056236267,301.51910400390625,0.35100001096725464,0.0,1
1774627535.154039,2782.592768,0,3,489953200,2411,18,0.6,51.4936649,-1.7484929,163.67,0.6452100872993469,294.7379150390625,0.23000000417232513,0.0,1
1774627535.35405,2782.792779,0,3,489953400,2411,18,0.6,51.4936654,-1.7484946,163.61,0.6376715898513794,294.5555114746094,0.359000027179718,0.0,1
1774627535.5540268,2782.992756,0,3,489953600,2411,18,0.6,51.4936658,-1.7484965,163.56,0.6829128861427307,280.71759033203125,0.24400001764297485,0.0,1
1774627535.754006,2783.192735,0,3,489953800,2411,18,0.6,51.4936659,-1.7484985,163.5,0.7017492651939392,278.522705078125,0.23900000751018524,0.0,1
1774627535.9539099,2783.392639,0,3,489954000,2411,18,0.6,51.4936661,-1.7485004,163.46,0.6302579045295715,275.82818603515625,0.18800000846385956,0.0,1
1774627536.153672,2783.592401,0,3,489954200,2411,18,0.6,51.4936663,-1.7485021,163.43,0.5457444787025452,283.3487243652344,0.13300000131130219,0.0,1
1774627536.3537319,2783.792461,0,3,489954400,2411,18,0.6,51.4936667,-1.7485037,163.42,0.5967596173286438,299.1851501464844,0.007000000216066837,0.0,1
1774627536.5536819,2783.992411,0,3,489954600,2411,18,0.6,51.4936672,-1.7485052,163.36,0.6008136868476868,301.7324523925781,0.4620000123977661,0.0,1
1774627536.753978,2784.192707,0,3,489954800,2411,18,0.6,51.4936677,-1.7485062,163.34,0.17607101798057556,315.2301025390625,-0.1380000114440918,0.0,1
1774627536.953888,2784.392617,0,3,489955000,2411,18,0.6,51.4936679,-1.7485066,163.35,0.17749647796154022,314.3152160644531,0.02800000086426735,0.0,1
1774627537.1535099,2784.592239,0,3,489955200,2411,18,0.6,51.493668,-1.7485067,163.36,0.05830952152609825,120.96375274658203,-0.02500000037252903,0.0,1
1774627537.333543,2784.772272,0,3,489955400,2411,18,0.6,51.493668,-1.7485067,163.36,0.00806225836277008,352.8749694824219,0.015000000596046448,0.0,1
1774627537.553536,2784.992265,0,3,489955600,2411,18,0.6,51.493668,-1.7485068,163.35,0.02332380972802639,300.9637451171875,-0.03800000250339508,0.0,1
1774627537.7534559,2785.192185,0,3,489955800,2411,18,0.6,51.493668,-1.7485068,163.35,0.012649111449718475,251.5650634765625,0.03400000184774399,0.0,1
1774627537.953744,2785.392473,0,3,489956000,2411,18,0.6,51.493668,-1.7485069,163.35,0.012806248851120472,51.34019088745117,0.018000001087784767,0.0,1
1774627538.1334639,2785.572193,0,3,489956200,2411,18,0.6,51.493668,-1.7485069,163.34,0.016278821974992752,349.3803405761719,0.024000000208616257,0.0,1
1774627538.35345,2785.792179,0,3,489956400,2411,18,0.6,51.493668,-1.7485069,163.33,0.019235385581851006,27.89727020263672,0.03100000135600567,0.0,1
1774627538.553379,2785.992108,0,3,489956600,2411,18,0.6,51.493668,-1.7485069,163.33,0.027856776490807533,158.9624786376953,0.021000001579523087,0.0,1
1774627538.753651,2786.19238,0,3,489956800,2411,18,0.6,51.493668,-1.7485069,163.35,0.03478505462408066,161.56504821777344,0.05300000309944153,0.0,1
1774627538.953404,2786.392133,0,3,489957000,2411,18,0.6,51.4936679,-1.7485069,163.33,0.028442926704883575,10.12467098236084,-0.05100000277161598,0.0,1
1774627539.1533,2786.592029,0,3,489957200,2411,18,0.6,51.4936679,-1.7485069,163.33,0.02500000037252903,53.13010025024414,0.06800000369548798,0.0,1
1774627539.353586,2786.792315,0,3,489957400,2411,18,0.6,51.493668,-1.7485069,163.32,0.02692582458257675,21.801408767700195,0.02800000086426735,0.0,1
1774627539.553218,2786.991947,0,3,489957600,2411,18,0.6,51.493668,-1.7485069,163.31,0.025806976482272148,35.53767395019531,0.005000000353902578,0.0,1
1774627539.753239,2787.191968,0,3,489957800,2411,18,0.6,51.493668,-1.7485069,163.32,0.042296573519706726,173.2110137939453,0.03400000184774399,0.0,1
1774627539.953225,2787.391954,0,3,489958000,2411,18,0.6,51.4936679,-1.748507,163.33,0.00984885822981596,246.0375213623047,-0.01100000087171793,0.0,1
1774627540.1532528,2787.591982,0,3,489958200,2411,18,0.6,51.4936679,-1.748507,163.34,0.03405877575278282,220.23635864257812,-0.005000000353902578,0.0,1
1774627540.353185,2787.791914,0,3,489958400,2411,18,0.6,51.4936678,-1.7485071,163.33,0.015264337882399559,31.607501983642578,-0.036000002175569534,0.0,1
1774627540.553426,2787.992155,0,3,489958600,2411,18,0.6,51.4936678,-1.7485071,163.33,0.006324555724859238,71.56504821777344,-0.036000002175569534,0.0,1
1774627540.753371,2788.1921,0,3,489958800,2411,18,0.6,51.4936678,-1.7485071,163.34,0.037336308509111404,7.696051597595215,-0.04200000315904617,0.0,1
1774627540.953142,2788.391871,0,3,489959000,2411,18,0.6,51.4936678,-1.7485071,163.33,0.02280350960791111,195.255126953125,0.05900000408291817,0.0,1
1774627541.153092,2788.591821,0,3,489959200,2411,18,0.6,51.4936678,-1.7485071,163.33,0.018027756363153458,160.55995178222656,0.058000002056360245,0.0,1
1774627541.333309,2788.772038,0,3,489959400,2411,18,0.6,51.4936678,-1.7485071,163.33,0.028861740604043007,14.036242485046387,-0.03700000047683716,0.0,1
1774627541.553124,2788.991853,0,3,489959600,2411,18,0.6,51.4936678,-1.7485071,163.33,0.015132746659219265,82.40535736083984,0.014000000432133675,0.0,1
1774627541.753026,2789.191755,0,3,489959800,2411,18,0.6,51.4936678,-1.7485071,163.33,0.02102379873394966,92.72630310058594,0.010000000707805157,0.0,1
1774627541.953,2789.391729,0,3,489960000,2411,18,0.6,51.4936677,-1.7485071,163.34,0.011180341243743896,206.56504821777344,0.014000000432133675,0.0,1
1774627542.153226,2789.591955,0,3,489960200,2411,18,0.6,51.4936678,-1.7485071,163.34,0.019209373742341995,51.34019088745117,0.012000000104308128,0.0,1
1774627542.353215,2789.791944,0,3,489960400,2411,18,0.6,51.4936678,-1.7485071,163.34,0.0375765897333622,25.201122283935547,-0.018000001087784767,0.0,1
1774627542.553068,2789.991797,0,3,489960600,2411,18,0.6,51.4936677,-1.7485071,163.33,0.032280027866363525,196.18922424316406,-0.007000000216066837,0.0,1
1774627542.7329938,2790.171723,0,3,489960800,2411,18,0.6,51.4936677,-1.7485071,163.32,0.0010000000474974513,180.0,0.01600000075995922,0.0,1
1774627542.953106,2790.391835,0,3,489961000,2411,18,0.6,51.4936677,-1.7485072,163.33,0.027166156098246574,353.6598205566406,0.030000001192092896,0.0,1
1774627543.153064,2790.591793,0,3,489961200,2411,18,0.6,51.4936677,-1.7485072,163.33,0.021587034687399864,256.6075134277344,0.02500000037252903,0.0,1
1774627543.353072,2790.791801,0,3,489961400,2411,18,0.6,51.4936677,-1.7485073,163.33,0.006082762498408556,80.53767395019531,-0.012000000104308128,0.0,1
1774627543.553094,2790.991823,0,3,489961600,2411,18,0.6,51.4936677,-1.7485073,163.32,0.010440307669341564,343.3007507324219,-0.027000000700354576,0.0,1
1774627543.753073,2791.191802,0,3,489961800,2411,18,0.6,51.4936677,-1.7485073,163.33,0.037336308509111404,172.30393981933594,0.02200000174343586,0.0,1
1774627543.953027,2791.391756,0,3,489962000,2411,18,0.6,51.4936676,-1.7485073,163.32,0.018027756363153458,356.8201599121094,-0.03100000135600567,0.0,1
1774627544.132834,2791.571563,0,3,489962200,2411,18,0.6,51.4936676,-1.7485073,163.32,0.017691805958747864,227.29061889648438,-0.026000000536441803,0.0,1
1774627544.353462,2791.792191,0,3,489962400,2411,18,0.6,51.4936676,-1.7485073,163.34,0.026870058849453926,135.0,0.01600000075995922,0.0,1
1774627544.5529819,2791.991711,0,3,489962600,2411,18,0.6,51.4936676,-1.7485073,163.34,0.03505709767341614,3.2704880237579346,0.007000000216066837,0.0,1
1774627544.752981,2792.19171,0,3,489962800,2411,18,0.6,51.4936676,-1.7485073,163.34,0.016124514862895012,240.255126953125,-0.017000000923871994,0.0,1
1774627544.953197,2792.391926,0,3,489963000,2411,18,0.6,51.4936676,-1.7485073,163.34,0.013416407629847527,206.56504821777344,-0.036000002175569534,0.0,1
1774627545.153197,2792.591926,0,3,489963200,2411,18,0.6,51.4936675,-1.7485073,163.34,0.012529964558780193,28.610454559326172,0.017000000923871994,0.0,1
1774627545.352946,2792.791675,0,3,489963400,2411,18,0.6,51.4936675,-1.7485073,163.34,0.012206556275486946,235.0079803466797,0.03400000184774399,0.0,1
1774627545.552928,2792.991657,0,3,489963600,2411,18,0.6,51.4936675,-1.7485074,163.32,0.009899495169520378,315.0,-0.039000000804662704,0.0,1
1774627545.753144,2793.191873,0,3,489963800,2411,18,0.6,51.4936675,-1.7485074,163.33,0.009055386297404766,173.65980529785156,0.03800000250339508,0.0,1
1774627545.9528189,2793.391548,0,3,489964000,2411,18,0.6,51.4936675,-1.7485074,163.33,0.020518286153674126,316.9749450683594,-0.02200000174343586,0.0,1
1774627546.15306,2793.591789,0,3,489964200,2411,18,0.6,51.4936675,-1.7485074,163.34,0.020223749801516533,188.53077697753906,0.0,0.0,1
1774627546.352866,2793.791595,0,3,489964400,2411,18,0.6,51.4936674,-1.7485075,163.34,0.017000000923871994,241.92752075195312,0.023000001907348633,0.0,1
1774627546.552517,2793.991246,0,3,489964600,2411,18,0.6,51.4936674,-1.7485075,163.34,0.023600848391652107,143.6156463623047,-0.009000000543892384,0.0,1
1774627546.732663,2794.171392,0,3,489964800,2411,18,0.6,51.4936673,-1.7485074,163.34,0.023537205532193184,12.264772415161133,-0.03700000047683716,0.0,1
1774627546.9527318,2794.391461,0,3,489965000,2411,18,0.6,51.4936673,-1.7485075,163.35,0.018027756363153458,199.44004821777344,0.004000000189989805,0.0,1
1774627547.152515,2794.591244,0,3,489965200,2411,18,0.6,51.4936673,-1.7485075,163.34,0.017804494127631187,321.8427734375,-0.01600000075995922,0.0,1
1774627547.352587,2794.791316,0,3,489965400,2411,18,0.6,51.4936673,-1.7485075,163.35,0.018027758225798607,86.82015991210938,-0.01600000075995922,0.0,1
1774627547.55244,2794.991169,0,3,489965600,2411,18,0.6,51.4936673,-1.7485075,163.36,0.023600848391652107,306.38433837890625,-0.02500000037252903,0.0,1
1774627547.7524,2795.191129,0,3,489965800,2411,18,0.6,51.4936673,-1.7485075,163.35,0.021095024421811104,238.5704345703125,-0.01100000087171793,0.0,1
1774627547.9726279,2795.411357,0,3,489966000,2411,18,0.6,51.4936673,-1.7485075,163.35,0.025632010772824287,20.556045532226562,-0.04200000315904617,0.0,1
1774627548.13284,2795.571569,0,3,489966200,2411,18,0.6,51.4936673,-1.7485075,163.36,0.03452535346150398,169.99200439453125,0.052000001072883606,0.0,1
1774627548.3526819,2795.791411,0,3,489966400,2411,18,0.6,51.4936672,-1.7485075,163.35,0.003000000026077032,0.0,-0.03200000151991844,0.0,1
1774627548.5526218,2795.991351,0,3,489966600,2411,18,0.6,51.4936672,-1.7485075,163.36,0.04609772562980652,183.7313995361328,0.015000000596046448,0.0,1
1774627548.752312,2796.191041,0,3,489966800,2411,18,0.6,51.4936672,-1.7485075,163.36,0.028635643422603607,12.094756126403809,-0.03100000135600567,0.0,1
1774627548.952354,2796.391083,0,3,489967000,2411,18,0.6,51.4936672,-1.7485075,163.37,0.007000000216066837,0.0,-0.06700000166893005,0.0,1
1774627549.152582,2796.591311,0,3,489967200,2411,18,0.6,51.4936672,-1.7485075,163.37,0.007000000216066837,270.0,-0.02200000174343586,0.0,1
1774627549.352258,2796.790987,0,3,489967400,2411,18,0.6,51.4936672,-1.7485075,163.36,0.005000000353902578,270.0,0.012000000104308128,0.0,1
1774627549.532533,2796.971262,0,3,489967600,2411,18,0.6,51.4936672,-1.7485075,163.36,0.028071338310837746,4.085616588592529,0.02200000174343586,0.0,1
1774627549.7522829,2797.191012,0,3,489967800,2411,18,0.6,51.4936672,-1.7485075,163.35,0.022203603759407997,144.16233825683594,-0.00800000037997961,0.0,1
1774627549.952566,2797.391295,0,3,489968000,2411,18,0.6,51.4936672,-1.7485075,163.35,0.0010000000474974513,180.0,-0.030000001192092896,0.0,1
1774627550.152206,2797.590935,0,3,489968200,2411,18,0.6,51.4936672,-1.7485074,163.35,0.007810249924659729,50.194427490234375,0.06700000166893005,0.0,1
1774627550.352213,2797.790942,0,3,489968400,2411,18,0.6,51.4936673,-1.7485074,163.34,0.040447499603033066,8.53076457977295,0.026000000536441803,0.0,1
1774627550.552198,2797.990927,0,3,489968600,2411,18,0.6,51.4936673,-1.7485074,163.34,0.006708203814923763,63.4349479675293,0.07500000298023224,0.0,1
1774627550.7523348,2798.191064,0,3,489968800,2411,18,0.6,51.4936673,-1.7485073,163.32,0.016278820112347603,317.48956298828125,0.003000000026077032,0.0,1
1774627550.952363,2798.391092,0,3,489969000,2411,18,0.6,51.4936673,-1.7485074,163.31,0.02332380972802639,329.0362548828125,-0.00800000037997961,0.0,1
1774627551.152327,2798.591056,0,3,489969200,2411,18,0.6,51.4936673,-1.7485073,163.31,0.03330165147781372,138.6522216796875,0.08300000429153442,0.0,1
1774627551.352592,2798.791321,0,3,489969400,2411,18,0.6,51.4936673,-1.7485073,163.31,0.02961418591439724,168.3106231689453,0.03100000135600567,0.0,1
1774627551.5523028,2798.991032,0,3,489969600,2411,18,0.6,51.4936673,-1.7485073,163.3,0.024000000208616257,270.0,0.01100000087171793,0.0,1
1774627551.752521,2799.19125,0,3,489969800,2411,18,0.6,51.4936673,-1.7485073,163.3,0.028844410553574562,213.69007873535156,-0.05400000140070915,0.0,1
1774627551.952498,2799.391227,0,3,489970000,2411,18,0.6,51.4936673,-1.7485073,163.31,0.03827532008290291,33.27488708496094,0.03800000250339508,0.0,1
1774627552.152262,2799.590991,0,3,489970200,2411,18,0.6,51.4936673,-1.7485072,163.31,0.017691805958747864,42.709388732910156,-0.018000001087784767,0.0,1
1774627552.352457,2799.791186,0,3,489970400,2411,18,0.6,51.4936673,-1.7485072,163.31,0.010816654190421104,213.69007873535156,0.04100000113248825,0.0,1
1774627552.552228,2799.990957,0,3,489970600,2411,18,0.6,51.4936673,-1.7485072,163.3,0.04049691557884216,249.775146484375,0.032999999821186066,0.0,1
