TimeS,MagField,Throttle
2675.003726,565.2521561214959,5.0
2675.103502,562.8658810054133,5.0
2675.203653,551.6384685643307,5.0
2675.30327,564.9168080345991,5.0
2675.403956,561.2744426748825,5.0
2675.503181,570.0736794485429,5.0
2675.603671,555.955034152943,5.0
2675.703186,568.2649030161901,5.0
2675.803431,560.6077059762914,5.0
2675.903369,579.2943983847937,5.0
2676.00336,583.6754235017952,5.0
2676.10314,570.647001218792,5.0
2676.203333,576.9306717448814,5.0
2676.303159,574.0252607682,5.0
2676.403375,558.3233829959122,5.0
2676.503028,581.1488621687218,5.0
2676.603105,571.991258674466,5.0
2676.70335,573.1928122368598,5.0
2676.803033,568.5217673932987,5.0
2676.90318,562.9085183224713,5.0
2677.003043,572.8018854717571,5.0
2677.103185,567.3746557610765,5.0
2677.20298,567.7340926877653,5.0
2677.303178,554.626000111787,5.0
2677.402938,557.2728236689817,5.0
2677.503377,557.2647485710899,5.0
2677.603109,565.6721665417169,5.0
2677.703393,551.3356509423276,5.0
2677.80321,565.4820952072665,5.0
2677.903151,566.8236057187456,5.0
2678.00287,582.9185191774233,0.0
2678.103067,575.8680404398216,0.0
2678.202898,562.4891110057154,0.0
2678.303003,581.3475724555835,0.0
2678.402854,565.8338978887709,0.0
2678.503056,565.2203110292481,0.0
2678.602826,571.7446982701283,0.0
2678.70307,555.9982014359399,0.0
2678.802886,573.4762418792953,0.0
2678.903054,563.958331794114,0.0
2679.002774,566.8932880181243,0.0
2679.103025,564.8530782424754,0.0
2679.202824,571.1759798871097,0.0
2679.303206,554.3987734474166,0.0
2679.402781,563.6993879719935,0.0
2679.503247,571.3571562516742,0.0
2679.602757,571.8443844263927,0.0
2679.703199,561.7641854016683,0.0
2679.802938,561.6858552607498,0.0
2679.903137,574.8364984932672,0.0
2680.002745,559.5453511557397,0.0
2680.10314,571.0043782669271,0.0
2680.202792,569.0,0.0
2680.303156,580.5953840670799,0.0
2680.402624,575.0565189613974,0.0
2680.503015,576.584772605035,0.0
2680.602925,584.7195909151668,0.0
2680.70286,571.2661376276385,0.0
2680.802642,578.2395697286722,0.0
2680.90309,570.9789838514199,0.0
2681.002638,575.1990959659099,0.0
2681.102847,558.6385235552593,0.0
2681.20287,561.453470912773,0.0
2681.30264,575.459816147053,0.0
2681.402679,561.0873372301321,0.0
2681.502818,568.6624657914394,0.0
2681.602516,557.9614682036745,0.0
2681.702528,565.238002968661,0.0
2681.802535,573.1849614217037,0.0
2681.902549,577.0372604953687,0.0
2682.00257,577.3993418770063,0.0
2682.102573,571.1558456323457,0.0
2682.202702,578.3511044339762,0.0
2682.30274,557.4917039741489,0.0
2682.402815,569.442710024459,0.0
2682.502525,563.5911638767947,0.0
2682.602712,561.8273756235095,0.0
2682.702577,572.6517266192428,0.0
2682.802686,573.5320392096679,0.0
2682.902692,559.3147593260883,0.0
2683.002696,567.8564959565049,0.0
2683.102706,583.6514370752461,0.0
2683.202582,576.4911100788979,0.0
2683.302658,568.9270603513248,0.0
2683.402863,560.8662942270644,0.0
2683.502386,568.5780509305648,0.0
2683.602884,579.2305240575638,0.0
2683.702666,569.3346994519129,0.0
2683.802794,558.0842230344807,0.0
2683.902452,566.6762744283548,0.0
2684.002819,571.756941365822,0.0
2684.102292,568.2552243490595,0.0
2684.20263,580.9870910786228,0.0
2684.302653,571.7499453432418,0.0
2684.402501,571.8155296946735,0.0
2684.502285,554.1425809302151,0.0
2684.602742,578.4980553122024,0.0
2684.702254,571.9423047825716,0.0
2684.802524,559.7544104337187,0.0
2684.902538,569.3952932717306,0.0
2685.002695,584.9017011430211,0.0
2685.102212,566.3620750014959,0.0
2685.202717,574.9521719238915,0.0
2685.302502,566.6074478861004,0.0
2685.402487,579.6973348222328,0.0
2685.502478,570.6785434901158,0.0
2685.602395,570.3341126041822,0.0
2685.702215,562.4713326028269,0.0
2685.802189,574.9721732397143,0.0
2685.902235,581.8401842430617,0.0
2686.002376,558.780815705049,0.0
2686.102231,569.5410432971446,0.0
2686.202433,575.5866572463264,0.0
2686.302134,558.7298094786066,0.0
2686.40223,562.611766673965,0.0
2686.502379,569.2310602909859,0.0
2686.602116,564.6963785964986,0.0
2686.702111,565.5899574780302,0.0
2686.802369,571.2740148125066,0.0
2686.902107,563.1926846115812,0.0
2687.002072,556.8141521189992,0.0
2687.102232,558.4209881442495,0.0
2687.202101,583.3566662000187,0.0
2687.302279,570.9168065489051,0.0
2687.402286,565.6164778363516,0.0
2687.502428,566.9294488734907,0.0
2687.602099,583.0008576323023,0.0
2687.702433,581.6708691347711,0.0
2687.802235,556.0593493504089,0.0
2687.902462,576.6489399972916,0.0
2688.002209,567.8908345800273,0.0
2688.102565,570.3130719175215,0.0
2688.202,553.1012565525411,0.0
2688.302399,561.7953363992976,0.0
2688.401945,559.9982142828671,0.0
2688.50217,563.9875885159177,0.0
2688.601962,570.1096385784053,0.0
2688.702185,561.1024861823373,0.0
2688.801987,575.2442959299988,0.0
2688.902144,566.4724176868632,0.0
2689.002155,555.2666026333657,0.0
2689.102184,568.9736373506246,0.0
2689.201855,566.4883052632243,0.0
2689.302128,577.3880843938502,0.0
2689.401871,562.4811107939537,0.0
2689.501815,570.4550814919611,0.0
2689.602011,565.2910754646672,0.0
2689.70187,577.2088010417027,0.0
2689.801901,562.3779867669075,0.0
2689.902054,560.6407049082327,0.0
2690.002065,562.595769625048,0.0
2690.101846,555.0864797488766,0.0
2690.202052,548.6802347451564,0.0
2690.302056,577.5205624044913,0.0
2690.402014,557.3454942851876,0.0
2690.50199,576.3236937693955,0.0
2690.602183,562.9014123272387,0.0
2690.701736,552.4735287776239,0.0
2690.801794,582.5066523225292,0.0
2690.901991,569.7771494189636,0.0
2691.001749,554.9234181398367,0.0
2691.1017,555.5879768317526,0.0
2691.201946,570.8537465936437,0.0
2691.301733,558.6242028412303,0.0
2691.401955,565.5510587029256,0.0
2691.501644,567.3032698654222,0.0
2691.601901,574.613783336251,0.0
2691.701632,572.1372213027221,0.0
2691.801875,562.4286621430313,0.0
2691.90178,566.7662657568815,0.0
2692.001868,559.7829936680821,0.8
2692.101749,563.6647940043799,3.1
2692.202107,559.3594550912678,5.0
2692.301797,568.9956063099257,5.0
2692.402119,556.1276831807602,5.0
2692.501934,566.7327412458186,5.0
2692.601827,562.7317300454987,5.0
2692.701842,566.4044491350681,5.0
2692.802046,566.7715589194645,5.0
2692.901514,571.5828898768751,5.0
2693.001737,566.9409140289665,5.0
2693.10171,562.4997777777339,5.0
2693.201706,585.871146242926,5.0
2693.301477,569.8122497805747,5.0
2693.401764,561.5060106534925,5.0
2693.501454,561.1434754142651,5.0
2693.601746,573.3995116844799,5.0
2693.70175,566.1819495533216,5.0
2693.801394,567.9982394338912,5.0
2693.901505,574.9643467207336,5.0
2694.001656,579.5584526171626,5.0
2694.101359,567.9348554191757,5.0
2694.201556,567.405498739658,5.0
2694.30133,559.8214000911362,5.0
2694.401502,565.3901307946576,5.0
2694.501369,573.834470906027,5.0
2694.601543,578.8799530127123,5.0
2694.701658,570.3341126041822,5.0
2694.80157,566.4415239016292,5.0
2694.901319,564.0088651785537,5.0
2695.001571,572.783554233185,5.0
2695.101497,566.2208049868885,5.0
2695.201582,563.1314233817893,5.0
2695.301762,560.916214777216,5.0
2695.401259,575.518896301416,5.0
2695.501606,558.4030802207309,5.0
2695.601484,567.9691893051946,5.0
2695.701258,562.5246661258509,5.0
2695.801532,568.9516675430348,5.0
2695.901484,568.9121197513725,5.0
2696.001274,562.3041881401916,5.0
2696.101468,566.4221040884615,5.0
2696.201449,567.6706791793989,5.0
2696.301148,565.2096955997836,5.0
2696.401411,561.5362855595354,5.0
2696.501448,571.9798947515551,5.0
2696.601106,573.2486371549435,5.0
2696.701311,563.0683795064326,5.0
2696.80148,563.4350006877457,5.0
2696.901342,571.203991582692,5.0
2697.001342,572.0218527294215,5.0
2697.101376,564.4988928244235,5.0
2697.201308,568.6571902297552,5.0
2697.301177,568.4373316382379,5.0
2697.401369,578.6406484166145,5.0
2697.501288,558.0224009840465,5.0
2697.601055,583.6865597219111,5.0
2697.701376,560.6264353381849,5.0
2697.80099,580.600551153717,5.0
2697.901009,568.3608009002733,5.0
2698.0012,564.839800297394,5.0
2698.10122,560.5970032028356,5.0
2698.201203,560.217814782786,5.0
2698.301279,558.7360736519524,5.0
2698.401318,559.3165472252721,5.0
2698.501004,572.1415908671559,5.0
2698.601267,572.836800493823,5.0
2698.701023,557.1328387377646,5.0
2698.80095,563.0461792783963,5.0
2698.900931,575.2573337211791,5.0
2699.001167,568.2235475585292,5.0
2699.101134,556.9398531259906,5.0
2699.200928,568.4909849768948,5.0
2699.301116,556.9425464085142,5.0
2699.400914,560.2053195034835,5.0
2699.50108,577.2122659819349,5.0
2699.601113,562.5273326692668,5.0
2699.701099,560.065174778793,5.0
2699.801111,573.579985703825,5.0
2699.901148,574.4371157924948,5.0
2700.001038,569.7631086688572,5.0
2700.100822,562.5771058263924,5.0
2700.201081,565.5528268871087,5.0
2700.300783,564.3766472844177,5.0
2700.400779,572.5067685189407,5.0
2700.500986,560.1187374119884,5.0
2700.600759,553.77703094296,5.0
2700.700978,561.4721720619821,6.1
2700.800808,558.7745520332865,8.5
2700.900935,579.7628825649327,10.9
2701.000819,564.5582343744531,13.3
2701.100919,563.4163646895606,15.0
2701.200964,560.0258922585633,16.6
2701.30097,559.1457770563952,16.0
2701.400719,564.4705483902593,16.400000000000002
2701.500903,554.5349402878055,20.200000000000003
2701.600973,561.9875443459579,24.4
2701.70083,557.1005295276608,20.9
2701.800874,570.8992905933585,15.0
2701.90084,561.6858552607498,15.0
2702.00093,561.4935440412472,15.0
2702.100809,564.4935783514281,15.0
2702.200908,553.4419572096066,15.0
2702.300836,560.7370150079269,15.0
2702.400846,568.6598280167151,18.7
2702.500817,559.5936025366981,21.6
2702.60094,546.8802428320116,21.4
2702.70083,569.5735246656045,20.3
2702.800569,583.5828989955069,18.0
2702.900581,558.4568022685371,16.1
2703.000502,562.7663813697475,15.0
2703.100766,565.3149564623246,15.0
2703.200561,577.9212749155373,15.0
2703.300509,558.0232970047039,15.0
2703.400724,556.6911172274981,18.9
2703.500505,566.4079801697712,21.8
2703.600698,563.8670055961778,15.0
2703.700726,568.4408500451036,15.0
2703.800747,570.3779448751503,15.0
2703.900475,570.8406082261492,15.0
2704.000693,574.2943496152474,17.0
2704.100589,583.4389428209262,16.5
2704.200462,577.5517292849187,17.599999999999998
2704.30066,573.0017451980403,15.0
2704.40046,581.4215338289424,15.7
2704.500727,583.5143528654629,18.3
2704.600642,604.6536198518951,15.2
2704.700693,587.8520221960625,15.0
2704.800635,570.8686363779324,17.0
2704.900663,587.5687193852307,15.0
2705.000609,584.5485437497898,15.0
2705.100673,580.1387765009334,19.900000000000002
2705.20053,583.8201777944986,21.7
2705.300629,586.239712063248,16.5
2705.400578,583.7687898474875,18.3
2705.500551,573.3864316497209,15.0
2705.600487,582.2937403063852,15.0
2705.70089,594.0067339685637,15.0
2705.800483,593.7684733968283,15.0
2705.900546,587.7312310912191,19.400000000000002
2706.000264,576.4555490235132,24.099999999999998
2706.100479,574.3326562193726,19.2
2706.200221,582.468024873469,16.1
2706.300712,569.0738089211276,15.0
2706.400245,582.1735136537903,15.0
2706.50074,590.6564145084687,15.0
2706.600383,576.42085319669,15.0
2706.700175,585.5809081587274,15.0
2706.800438,577.4616870407941,15.0
2706.900398,570.1175317423592,13.5
2707.000153,569.4936347317677,19.1
2707.10045,568.9964850506548,16.6
2707.200174,573.5451159237606,15.0
2707.300073,570.8432359238393,19.8
2707.400442,577.9801034637784,20.0
2707.500022,588.436912506345,19.7
2707.600094,591.1666431726337,17.1
2707.700054,581.74650836941,15.0
2707.800388,580.7116323959767,15.0
2707.900325,585.6859226582111,15.0
2708.000092,592.4263667326093,15.0
2708.100241,605.2115332675014,18.099999999999998
2708.200091,598.6635114987383,21.3
2708.300284,601.878725325958,21.9
2708.400247,602.2773447507386,20.200000000000003
2708.500228,590.6970458703852,17.1
2708.600267,586.4673903977953,15.0
2708.700445,577.4937229096088,15.0
2708.800155,572.4403899097267,19.2
2708.900185,565.7472934093454,23.400000000000002
2709.000094,570.5278257894175,23.400000000000002
2709.09988,574.1585146978141,22.900000000000002
2709.200084,571.9833913672669,23.0
2709.299972,577.009531983658,22.900000000000002
2709.399961,588.3561846364836,22.8
2709.49988,586.5543453082587,22.400000000000002
2709.600158,582.6311011266048,22.5
2709.700119,592.8751976596761,21.9
2709.800135,600.4156893353138,23.5
2709.900074,602.2532689824108,21.6
2710.000078,629.0540517316457,23.200000000000003
2710.099961,604.7057135499879,22.3
2710.200127,601.4923108402966,22.3
2710.299735,579.889644673881,22.7
2710.400035,578.1565531929912,22.5
2710.49978,582.2860121967555,23.1
2710.600026,582.2009962203775,22.5
2710.699817,579.1139784187566,22.3
2710.800051,559.9374965118875,23.599999999999998
2710.900059,581.7370540029232,22.400000000000002
2710.999996,583.898963862756,28.799999999999997
2711.100001,584.2858889276721,28.799999999999997
2711.200248,574.4397270384422,28.799999999999997
2711.299705,580.8106403984004,29.299999999999997
2711.400238,576.5136598555146,27.900000000000002
2711.499889,574.2151164851026,28.1
2711.599894,586.393212784732,28.199999999999996
2711.699688,586.1134702427509,27.800000000000004
2711.799957,576.0980819270275,28.499999999999996
2711.899869,585.0923004107984,27.900000000000002
2711.999905,567.398449063795,27.500000000000004
2712.099842,551.7698795693726,27.900000000000002
2712.199564,554.290537534243,28.199999999999996
2712.29988,556.5195414358781,28.1
2712.399868,552.7712004075465,29.5
2712.499509,555.4502678008176,31.2
2712.599713,563.2663668283417,32.300000000000004
2712.6995,554.2860272458615,33.0
2712.799695,560.2579762930645,33.0
2712.899518,561.7045486730547,31.3
2712.999728,579.7671946566139,32.5
2713.099794,580.591078126421,31.7
2713.199763,583.2992370987639,30.599999999999998
2713.299741,564.2818444713599,31.7
2713.399653,573.1195337798215,32.5
2713.499441,567.5649742540496,32.6
2713.599715,560.6139491664474,31.900000000000002
2713.69957,566.8280162447866,30.5
2713.799448,561.1942622657506,32.2
2713.899569,551.7979702753536,35.0
2713.999352,537.2978689702761,34.5
2714.099935,532.5636112240489,36.4
2714.199435,529.3628245353086,36.1
2714.299703,546.0521953073717,36.1
2714.399405,572.9973821929731,36.3
2714.499605,569.9570159231308,36.9
2714.599527,581.6820437317969,35.5
2714.699625,592.8861610798484,34.9
2714.799573,587.1703330380376,34.4
2714.899568,587.5219144848982,36.0
2714.999438,572.6805392188563,35.5
2715.099492,555.5159763679169,35.3
2715.199416,556.9937163020783,28.9
2715.299513,542.6868341870844,22.900000000000002
2715.399462,552.5685477838927,19.7
2715.499489,555.063960278453,20.3
2715.599416,547.9507277118993,26.1
2715.699569,560.9679135209071,33.300000000000004
2715.799436,567.7966185175816,33.6
2715.899461,580.3490329103685,34.0
2715.999464,564.3872783824951,33.300000000000004
2716.099464,551.2921185723591,33.900000000000006
2716.199286,550.6369039575899,33.800000000000004
2716.299649,548.7777327844125,33.4
2716.39934,552.7702958734305,34.0
2716.499312,542.5458505969794,27.800000000000004
2716.599623,554.3257165241389,26.0
2716.699447,545.9111649343691,16.400000000000002
2716.7993,565.6200137901769,16.5
2716.89941,572.2752834082562,17.4
2716.999367,562.4571094759137,20.8
2717.099328,583.9340716211035,25.900000000000002
2717.199319,576.6602119099254,31.900000000000002
2717.299367,568.0440123793226,31.3
2717.399214,550.6559724546715,31.2
2717.49925,539.5062557561312,38.1
2717.599222,534.3800145963545,41.0
2717.699013,529.4128823517615,40.300000000000004
2717.799304,514.2898015710597,37.4
2717.899077,519.611393254613,30.599999999999998
2717.999267,534.0337068013591,36.5
2718.09918,519.1791598282813,31.5
2718.198953,522.4031010627713,31.0
2718.299159,533.1500726812292,32.7
2718.399225,541.1007299939633,31.7
2718.499168,526.3316444980294,19.3
2718.599207,538.7104973916881,18.3
2718.69893,542.1448146021504,17.1
2718.799428,550.4788824287449,15.5
2718.898903,551.3936887560466,19.7
2718.999168,542.1457368641757,31.4
2719.099142,540.143499451766,30.4
2719.199143,541.7213305750475,30.099999999999998
2719.299046,544.3050615234071,37.8
2719.399142,537.0186216510559,42.1
2719.49903,527.7243598698093,40.400000000000006
2719.599124,530.213164680018,38.6
2719.699075,510.78077489271266,28.499999999999996
2719.799126,521.2580934623462,31.4
2719.898987,527.4476277318915,30.7
2719.998994,540.0685141720446,31.3
2720.098934,530.7899772979893,30.7
2720.199019,526.9335821524379,29.799999999999997
2720.298976,526.4978632435274,36.4
2720.399032,529.4317708638196,37.0
2720.49893,538.2610890636624,38.1
2720.598758,547.7599839345696,37.3
2720.698982,559.8687346155347,37.7
2720.798722,561.5140247580642,35.5
2720.89898,541.4508287924214,32.4
2720.998668,550.0054545184075,32.9
2721.098691,541.5810188697533,32.5
2721.198885,549.277707539638,28.9
2721.298641,557.9292069788066,26.3
2721.398869,566.6974501442546,25.5
2721.498952,564.4377733639024,24.8
2721.598706,567.0,24.9
2721.698962,560.1812206777374,31.1
2721.798978,557.3589507669183,33.4
2721.898587,557.2629540890009,30.8
2721.998854,548.1286345375509,31.6
2722.098541,533.2410336798922,36.5
2722.19882,521.0278303507405,37.7
2722.298539,496.42924974259927,38.0
2722.398756,496.29527501276897,38.5
2722.498754,510.17840016997974,36.6
2722.598672,517.8976732907767,35.8
2722.698847,521.0095968405956,32.5
2722.79875,543.0506422056786,32.9
2722.898795,525.0580920241111,33.2
2722.998691,534.0917524171292,31.5
2723.098762,520.7581012331925,25.3
2723.198716,535.0598097409298,28.199999999999996
2723.29876,534.6269727576415,33.1
2723.398709,528.2291169558906,32.2
2723.49871,534.7765888667902,31.1
2723.598607,542.5255754340067,31.1
2723.698682,534.8532509015907,27.900000000000002
2723.798574,548.38946014671,29.5
2723.898679,571.419285638838,29.5
2723.998637,573.7159575957427,29.7
2724.098663,587.1337156048867,29.099999999999998
2724.198603,591.1412690719537,30.5
2724.298873,584.3808689544859,29.599999999999998
2724.398361,583.1749308740903,30.7
2724.498886,586.3079395675961,30.3
2724.598593,588.3918762185624,29.099999999999998
2724.698677,564.982300607727,30.599999999999998
2724.798584,545.0311917679575,29.599999999999998
2724.89851,544.7467301416319,29.4
2724.998254,527.807730144226,28.999999999999996
2725.098498,537.2466844941903,30.3
2725.198326,535.9757457198973,29.4
2725.298566,538.6380974272057,30.599999999999998
2725.398292,553.7815453768751,30.099999999999998
2725.498501,554.5457600595283,29.2
2725.598546,554.1236324142835,30.8
2725.698546,570.0140349149308,30.099999999999998
2725.798465,569.6490147450446,29.299999999999997
2725.898184,566.3373552927619,30.0
2725.998365,566.2861467491501,30.8
2726.098134,558.7969219671847,32.5
2726.198612,537.6169640180638,32.5
2726.298167,546.3094361257181,31.5
2726.398385,562.4926666188636,32.1
2726.49815,573.4343903185438,31.7
2726.598385,576.9046715012802,32.300000000000004
2726.69821,570.3937236681344,31.6
2726.798406,578.6933557593347,32.7
2726.898093,568.1065040993634,31.6
2726.99836,548.5125340409278,31.0
2727.098366,552.2843470532185,32.300000000000004
2727.198395,551.1859940165389,31.7
2727.298079,530.6119109104129,31.2
2727.398255,528.3739206281855,32.2
2727.498219,544.5328272932679,31.0
2727.598379,556.098912065111,30.9
2727.698281,565.0176988378329,31.5
2727.798295,576.5292707226581,33.1
2727.898301,579.8577411745057,31.5
2727.998231,569.9228017898564,31.4
2728.09795,562.2961852973929,31.7
2728.198329,545.2458161233335,31.0
2728.297941,534.1544720396901,31.3
2728.398192,528.8667128870941,32.1
2728.498021,522.4385131285786,32.0
2728.59813,524.2566165533822,31.6
2728.698188,524.3157445661917,31.7
2728.798189,532.760734288855,31.7
2728.898161,521.4786668695086,32.2
2728.998168,545.3255908170825,31.7
2729.098101,525.5644584634696,31.3
2729.198157,525.6852670562491,31.2
2729.298031,543.4169669783968,31.8
2729.398414,536.1986572157748,31.5
2729.498038,543.1095653733232,31.0
2729.598095,535.1691321442222,32.5
2729.698281,532.1672669377552,32.6
2729.798018,536.9646170838447,31.7
2729.897951,534.8467070105228,31.8
2729.998058,540.3609904499028,31.900000000000002
2730.09805,532.5532837191035,31.5
2730.197799,536.2312933800115,30.9
2730.298034,534.1338783488649,31.2
2730.397851,543.6736153244887,34.2
2730.497996,540.0824011204217,33.900000000000006
2730.597991,541.1838874172068,33.6
2730.697735,555.2026656996525,34.1
2730.798002,557.2674402833885,33.5
2730.897701,550.9682386490168,33.1
2730.997652,557.0385983035646,34.5
2731.097933,549.3942118370014,33.1
2731.1977,555.83900546831,32.800000000000004
2731.297698,572.2289751489346,34.0
2731.397987,573.439621930679,33.6
2731.497658,547.7316861383865,35.199999999999996
2731.597849,553.4491846592603,37.8
2731.697592,546.4768979563546,38.6
2731.797837,538.1077958922357,37.7
2731.897848,537.677412581187,38.3
2731.997738,544.4483446572319,38.6
2732.097767,535.2980478200906,37.6
2732.198028,508.6265820815896,38.1
2732.297789,498.1505796443481,37.7
2732.397715,465.55987799637546,35.9
2732.498085,454.9428535541579,37.8
2732.597744,481.07795626072914,37.7
2732.697817,476.19743804434734,37.9
2732.797736,494.7544845678511,37.3
2732.89801,496.5329797707298,38.0
2732.997753,505.73609718903793,38.6
2733.097747,516.5200867342915,39.800000000000004
2733.197682,528.8884570493102,40.300000000000004
2733.297763,555.6797638928379,39.300000000000004
2733.397614,547.1261280545831,38.9
2733.49766,565.0991063521512,39.5
2733.597584,551.2249994330808,40.6
2733.697731,574.8634620499028,40.2
2733.79765,564.4484033107012,39.2
2733.897686,565.9938162206369,39.7
2733.997635,570.495398754451,38.9
2734.097863,565.3370675977297,40.5
2734.197361,558.9257553557538,41.699999999999996
2734.297699,550.0454526673227,42.1
2734.397346,557.6602908581532,40.8
2734.497507,558.7432326212104,40.9
2734.597543,565.5554791530182,41.099999999999994
2734.697569,557.4773538001342,41.699999999999996
2734.797562,549.1274897507864,42.3
2734.897546,545.8259795942292,40.0
2734.997519,548.799599125218,39.4
2735.097293,534.782198656612,42.0
2735.197574,548.1614725607775,41.6
2735.29722,561.5389567964096,40.300000000000004
2735.397546,584.0111300309268,41.4
2735.497527,569.1335519893375,44.7
2735.597199,589.5438914957901,45.800000000000004
2735.69723,562.8658810054133,46.400000000000006
2735.797224,561.6164171389579,45.300000000000004
2735.897394,546.9524659419683,45.4
2735.997161,560.2044269728685,44.4
2736.09736,554.7972602672079,44.1
2736.19752,553.5828754576861,45.4
2736.29737,531.5844241510467,43.1
2736.397438,542.5347915111067,43.1
2736.497357,538.8302144460721,44.5
2736.597412,544.9165073660367,45.6
2736.697387,551.5804565065735,46.9
2736.797411,551.380086691567,46.400000000000006
2736.897383,556.7809263974476,44.5
2736.997283,555.5897767237983,44.800000000000004
2737.097252,582.417376114415,44.1
2737.197346,567.010581911837,46.800000000000004
2737.297247,560.3579213324284,45.1
2737.39735,554.0523440975591,45.2
2737.497461,542.595613694029,45.6
2737.597341,544.3289446648965,44.1
2737.697277,537.5155811695137,45.2
2737.797311,536.5715236573778,45.800000000000004
2737.897009,538.2202151536117,46.0
2737.997225,539.6091177880522,46.6
2738.09699,535.6762081705701,44.4
2738.197251,534.6484826500492,43.5
2738.297183,557.4316101550037,43.5
2738.397196,570.5471058554236,45.800000000000004
2738.497114,584.4296364832982,45.5
2738.597167,601.8687564577514,46.9
2738.697151,626.681737407434,45.4
2738.796942,618.6509516682246,45.7
2738.897118,608.6033190839498,45.0
2738.996862,598.4028743246477,44.1
2739.096865,582.5366941232114,43.4
2739.197115,566.0335679091833,45.2
2739.29715,554.1335579081996,46.2
2739.396842,545.6372421307035,46.7
2739.497062,547.4385810298722,44.9
2739.59682,543.4832104122445,45.300000000000004
2739.696876,547.5335606152375,46.0
2739.796858,564.0824407832599,45.2
2739.897067,572.4491243770052,43.1
2739.996831,555.3827509024744,43.0
2740.09707,546.4851324601613,46.0
2740.197076,555.7967254311598,48.0
2740.296759,557.0978370089045,46.1
2740.397278,561.9377189689263,45.1
2740.497003,552.3278012195294,44.7
2740.596886,578.0432509769489,45.6
2740.697073,584.4997861419625,46.2
2740.796943,586.8977764483352,46.7
2740.896863,595.0672230933242,45.2
2740.996781,572.4989082959023,45.1
2741.096938,580.6418861914804,45.300000000000004
2741.196685,578.9939550634359,46.1
2741.296951,575.4076815615168,45.800000000000004
2741.396918,551.0145188649751,45.9
2741.496887,559.0143110869345,43.6
2741.596658,558.5051476933762,44.800000000000004
2741.697165,560.0732095003295,46.5
2741.796878,565.0353971212777,46.7
2741.896931,575.0217387195027,43.9
2741.996904,562.6384274114238,44.5
2742.096816,560.4471429135847,45.4
2742.196593,552.5513550793265,46.400000000000006
2742.29683,573.93205172738,47.199999999999996
2742.396827,566.0653672501084,45.9
2742.496609,581.7026731931013,48.6
2742.596855,578.021625893011,49.6
2742.696805,584.7230113481083,52.300000000000004
2742.796516,567.2371638036421,51.6
2742.896856,551.827871713635,51.0
2742.996473,543.6129137538953,48.199999999999996
2743.096475,535.7135428566278,47.699999999999996
2743.196446,550.7277004110107,50.3
2743.296676,545.9505472110088,50.0
2743.396447,569.0386630098169,48.9
2743.496747,570.2858932149734,46.300000000000004
2743.596699,588.4666515614967,47.599999999999994
2743.696734,582.1322873711782,49.9
2743.796646,575.0060869243038,50.2
2743.896759,591.6198103512086,50.8
2743.996674,566.3408867457832,50.0
2744.096621,573.4230549951754,47.8
2744.196657,561.3501581009842,47.099999999999994
2744.296509,558.8801302605059,48.4
2744.396658,564.8097024662377,48.1
2744.496583,578.8488576476592,51.7
2744.596515,575.7360506343163,52.300000000000004
2744.696423,594.0875356376365,51.1
2744.796673,606.0907522805475,46.300000000000004
2744.896605,616.9157154749747,45.5
2744.996343,596.5215838509115,48.1
2745.096619,596.7252299006637,51.5
2745.196266,599.7716232033656,53.300000000000004
2745.296512,590.2380875545055,51.7
2745.396242,589.3165533056067,48.4
2745.496492,575.801180964402,46.800000000000004
2745.596291,576.202221446603,47.5
2745.696447,572.0541932369695,48.199999999999996
2745.796522,576.7867890304008,51.300000000000004
2745.896236,565.1601542925687,51.2
2745.996518,565.624433701374,50.3
2746.096205,587.0766559828452,49.7
2746.196492,600.3157502514822,51.300000000000004
2746.296249,583.9880135756213,52.300000000000004
2746.396443,590.337191781104,54.300000000000004
2746.496483,600.6613022327974,53.7
2746.596437,596.4972757691354,53.0
2746.696429,582.4242440008829,51.6
2746.796515,571.5181536924265,52.2
2746.896153,559.3013499000338,51.9
2746.996347,585.9223498041357,51.4
2747.096288,565.6589078234338,48.4
2747.196183,561.9261517317022,50.4
2747.296378,544.7843610090143,54.6
2747.396673,553.7291756806751,56.00000000000001
2747.496131,575.5536465004805,56.89999999999999
2747.596329,570.7065796011117,54.0
2747.69644,577.1013775758987,49.7
2747.796105,570.9851136413278,47.4
2747.896026,594.2844436799604,51.6
2747.996302,596.6942265515898,56.2
2748.095992,581.9149422381247,57.199999999999996
2748.196005,583.378950597294,54.7
2748.296262,581.1049819094653,52.2
2748.396058,572.0148599468374,50.7
2748.496059,566.0759666334546,53.5
2748.596238,570.3586590909267,56.99999999999999
2748.695998,547.1188170772415,55.800000000000004
2748.796217,553.6479025517933,52.5
2748.895891,545.3155050060469,49.8
2748.996147,535.0971874342081,47.9
2749.095887,525.9809882495754,49.5
2749.19604,512.7757794592096,49.4
2749.295942,505.9071060975523,48.1
2749.396303,527.4267721684215,48.5
2749.495843,543.6037159549224,48.6
2749.59611,546.291131174578,49.9
2749.695888,556.044962210791,49.4
2749.796085,582.4783257770198,48.8
2749.896127,569.5665018239749,49.4
2749.996053,585.4066962377523,49.9
2750.09607,591.2461416364592,49.2
2750.196126,572.9162242422534,50.0
2750.296068,562.3104124947358,49.8
2750.395741,543.2623675536527,49.7
2750.49607,539.0612210129755,50.3
2750.595801,547.6869543817892,55.7
2750.696,548.7631547398204,58.599999999999994
2750.796046,552.4499977373517,57.49999999999999
2750.895983,536.4671471767866,58.3
2750.995793,537.6969406645345,59.0
2751.095993,551.881327823292,59.3
2751.195895,549.4624645960814,57.49999999999999
2751.296003,543.3939638972814,56.49999999999999
2751.395988,523.8978908146129,57.4
2751.495918,513.094533200267,58.099999999999994
2751.595674,494.4542445970102,57.199999999999996
2751.696203,476.7326294685523,55.60000000000001
2751.795594,455.9857453912348,56.39999999999999
2751.896062,458.6262094560231,58.099999999999994
2751.995622,456.58405578819765,58.599999999999994
2752.095868,469.5082533885853,58.4
2752.195721,487.18169095318024,58.099999999999994
2752.295869,522.3303552350753,57.199999999999996
2752.395819,560.2410195621167,59.199999999999996
2752.495883,567.2080746956975,59.4
2752.595827,563.5618865750238,61.199999999999996
2752.695865,571.9248202342682,61.6
2752.795746,567.0837680625324,57.3
2752.895776,558.7539709031158,58.199999999999996
2752.995984,549.873621844147,62.3
2753.095515,549.0045537151764,67.0
2753.195775,538.5118383099855,65.8
2753.2958,542.5808695484941,64.2
2753.395473,543.2476415043143,60.5
2753.495515,538.721634984154,63.2
2753.595738,557.4351980275376,65.8
2753.69541,557.930103149131,70.39999999999999
2753.795741,540.5793188792927,68.10000000000001
2753.895729,540.8927805027536,66.10000000000001
2753.995695,553.1853215695442,63.2
2754.095648,545.1907922920195,60.5
2754.195737,547.2275577856071,62.1
2754.295483,551.7653486764098,62.6
2754.39546,543.2807745540053,63.9
2754.495579,550.1863320730532,62.5
2754.595631,547.5262550782383,60.699999999999996
2754.695558,552.8164252263133,63.3
2754.795617,576.262093148595,64.2
2754.895488,557.2010409179078,67.4
2754.995608,573.8806496127919,65.10000000000001
2755.095528,587.9200625935468,63.800000000000004
2755.195564,572.0533191932375,63.3
2755.295734,597.0502491415609,62.5
2755.395465,604.5725762884056,63.2
2755.495366,569.9245564107587,61.6
2755.595786,599.1443899428584,59.0
2755.695416,592.7098784396967,60.199999999999996
2755.795484,584.2850331815799,63.3
2755.895643,593.8105758573183,65.0
2755.995507,586.543263536459,76.3
2756.095477,598.9791315229605,75.5
2756.195474,603.6397932542221,72.1
2756.295164,608.6000328623061,69.39999999999999
2756.395492,606.0437277952805,69.5
2756.495107,616.1193066281887,73.2
2756.595157,621.4571586199647,75.9
2756.695368,622.1880744598051,77.7
2756.795104,623.2920663701728,77.5
2756.895173,630.0111110131313,70.7
2756.995193,611.8382139095269,65.4
2757.095335,628.2555212650343,67.0
2757.195154,617.7151447066843,61.9
2757.295169,631.6652594531379,62.1
2757.395251,646.3102969936344,62.0
2757.495038,625.4622290754255,62.8
2757.59527,624.7535514104742,67.2
2757.695037,606.2318038506393,70.6
2757.795505,615.7767452575649,74.5
2757.894954,629.3846200853656,77.10000000000001
2757.995138,642.8257928863776,85.7
2758.095267,649.4720933188738,85.8
2758.195195,676.1760125884384,86.5
2758.295251,667.7020293514166,86.6
2758.394992,671.4551362526017,84.5
2758.495167,671.8675464702845,82.89999999999999
2758.594912,647.9444420627435,80.80000000000001
2758.69538,657.5325087020412,81.39999999999999
2758.794866,644.7216453633304,78.7
2758.895196,661.1610998841356,76.4
2758.99491,659.310245635543,71.1
2759.094889,663.4802182431666,71.3
2759.195124,662.0777899914783,71.8
2759.294907,669.4072004393141,71.6
2759.394928,671.0812171414128,72.6
2759.495112,677.7322480153944,73.8
2759.594833,676.0044378552556,74.0
2759.694903,677.2628736317974,75.7
2759.794796,675.4990747588038,75.2
2759.895108,675.1488724718423,76.2
2759.994758,666.2769694353843,75.6
2760.095036,659.7355530816874,79.2
2760.195348,637.3460598450421,79.60000000000001
2760.294759,636.0573873480286,78.9
2760.394969,636.1847216021459,80.4
2760.495223,641.723460690039,80.2
2760.594764,656.3299475111585,77.9
2760.695007,657.6731711116092,76.7
2760.794975,662.0944041449075,76.4
2760.894731,663.7431732228965,77.2
2760.994962,639.6436507931584,77.8
2761.094898,615.2731100901452,78.3
2761.194641,602.7312834091159,75.6
2761.294868,601.0432596743765,75.9
2761.39482,578.2568633401596,75.3
2761.494817,595.4292569231042,73.1
2761.594641,599.2795674808211,70.7
2761.694801,603.4575378599558,70.8
2761.794906,613.9421796879573,72.0
2761.894629,616.4219334189853,70.89999999999999
2761.995026,597.2277622482063,70.8
2762.094658,601.2902793160721,70.89999999999999
2762.194863,606.9621075487332,73.7
2762.294516,593.8846689383386,74.1
2762.394564,593.6345677266445,74.2
2762.494509,590.4117207508672,74.5
2762.594807,579.9112000987737,74.1
2762.694846,591.0211502137635,74.3
2762.794576,604.9710736886517,75.3
2762.894694,597.1473854920575,77.5
2762.994525,590.7402136303233,77.5
2763.094738,568.7503846152546,82.69999999999999
2763.194501,580.9655755722537,82.1
2763.294675,551.3283957860324,84.0
2763.394424,563.7916281748071,81.8
2763.494644,581.283063575742,82.39999999999999
2763.594702,578.3217097775251,81.3
2763.694675,571.1164504722308,82.0
2763.794709,570.5725194924831,82.0
2763.894561,583.044595206919,80.9
2763.994388,570.6671534265837,79.60000000000001
2764.094515,566.366489121664,78.5
2764.194624,560.4872879914406,78.5
2764.294583,560.1374831235631,77.3
2764.394624,554.2797127804697,77.10000000000001
2764.494523,564.3518406100932,76.5
2764.594602,558.3430844919636,76.3
2764.6946,572.1774200368274,76.5
2764.794587,563.3915157330646,76.5
2764.894271,559.1654495764201,77.8
2764.994606,553.293773686276,79.4
2765.094217,550.7640148012576,74.7
2765.194474,553.8673126300197,65.8
2765.294495,554.4628030806034,67.60000000000001
2765.394524,560.8440068325594,68.30000000000001
2765.494443,561.8131361938772,68.89999999999999
2765.594523,558.8139225180417,68.10000000000001
2765.694485,543.9880513393654,69.1
2765.794532,530.8210621292263,73.4
2765.894621,534.5072497169706,71.89999999999999
2765.994534,535.0149530620616,71.3
2766.094368,548.4715124780867,73.0
2766.194464,547.9078389656421,76.8
2766.294304,527.3006732406095,77.10000000000001
2766.394343,533.7396369017388,74.7
2766.494101,516.7920278022872,74.1
2766.594392,531.3925102972378,73.8
2766.694159,527.0379492977712,74.4
2766.794213,535.5091035640758,75.2
2766.894178,547.5299078589223,77.2
2766.994184,541.2827357305977,77.0
2767.094352,543.1684821489554,76.8
2767.194072,536.8202678737083,77.0
2767.29407,511.86423981364436,78.0
2767.394266,522.5868348896669,78.4
2767.494054,509.18464234499453,76.9
2767.594253,506.35363136843404,77.0
2767.694269,512.416822518543,76.1
2767.794267,509.68519695984895,75.2
2767.894351,497.21826193332845,74.8
2767.994242,509.7146260408857,74.6
2768.094295,500.28591825075387,75.2
2768.194272,504.9841581673627,75.9
2768.294313,532.8189185830398,77.4
2768.394228,534.5839503763651,78.3
2768.49431,529.0160678089088,78.3
2768.59421,526.5083095260701,78.0
2768.69431,528.7995839635278,75.8
2768.794312,532.2236372052636,70.0
2768.894262,531.7348963534366,71.1
2768.994269,534.2387106902681,70.39999999999999
2769.094213,545.9606212905835,71.3
2769.19397,536.111928611927,70.39999999999999
2769.294181,539.6795345387853,70.8
2769.394,530.5365208918232,70.6
2769.494204,523.1414722615672,70.19999999999999
2769.594106,520.0009615375725,70.1
2769.694251,520.9923224002442,70.1
2769.794163,497.6374182072727,70.1
2769.894113,508.33355191252133,69.69999999999999
2769.994128,501.1666389535521,71.39999999999999
2770.094123,509.0638466833016,71.8
2770.193856,538.5369068132657,71.3
2770.294083,562.8827586629386,72.8
2770.393862,571.9274429505897,71.6
2770.494134,570.2332855945889,70.8
2770.59389,563.0213139837603,74.1
2770.694107,533.3338541664124,75.3
2770.793801,525.0342845948253,74.8
2770.893951,537.5332547852272,72.7
2770.99372,523.728937523983,72.8
2771.093929,527.9261311964013,72.1
2771.19398,527.3224819785328,71.3
2771.293855,540.0527751988689,71.5
2771.393914,541.2845831907648,71.89999999999999
2771.493781,534.322936060207,74.6
2771.593714,529.340155287694,76.2
2771.693958,506.4721117692464,76.3
2771.793802,515.164051540866,75.7
2771.893666,525.1761609212665,76.2
2771.993871,510.21074077286926,76.6
2772.093545,540.7356100720573,75.9
2772.193596,541.3215310700286,74.4
2772.293847,560.4373292349467,73.9
2772.393562,536.4000372856065,73.4
2772.493728,538.480268904999,74.5
2772.593752,524.8285434310905,76.9
2772.693709,546.8070957842446,77.5
2772.793582,532.4931924447485,75.8
2772.893753,538.6678011539209,73.8
2772.993938,511.40883840622075,71.89999999999999
2773.093544,538.0734150652678,71.0
2773.193744,534.5886268898731,71.0
2773.293731,553.0587672209889,69.8
2773.393807,555.9739202516607,69.8
2773.493555,572.7660953652896,69.69999999999999
2773.593897,590.4040989017607,69.6
2773.693612,609.7647087196831,70.19999999999999
2773.793386,617.6155762284498,69.5
2773.893639,613.1973581156396,69.89999999999999
2773.993688,600.5805524656955,72.6
2774.093438,592.7849525755524,72.2
2774.193666,615.0479656091873,73.6
2774.293662,612.9551370206469,72.5
2774.393419,630.2800964650557,74.1
2774.493532,620.0854779786413,73.8
2774.593388,623.5591391359765,74.9
2774.693588,633.2685054540451,76.2
2774.793306,630.7186377458653,75.6
2774.893518,655.640145201619,75.9
2774.993286,649.1255656650723,73.2
2775.093467,658.6896082374459,73.9
2775.193297,661.5149280250598,74.5
2775.293344,628.9634329593414,75.1
2775.393545,611.7957175397684,77.4
2775.493233,574.8530246941386,78.0
2775.5935,545.8864350760147,76.6
2775.693194,550.8348209763068,73.2
2775.793486,553.4762867549069,71.89999999999999
2775.893188,566.1316101402571,71.39999999999999
2775.993345,598.5256886717561,71.6
2776.093477,595.567796308699,72.1
2776.193653,587.259738105721,71.5
2776.293137,565.9231396576747,72.7
2776.393325,564.1444850390723,71.5
2776.493474,548.0912332814675,71.6
2776.593325,564.7415338010832,70.89999999999999
2776.693423,567.0387993779615,71.7
2776.793361,580.1267102969833,72.6
2776.893067,581.9192383827846,71.6
2776.993321,572.3233351873747,72.3
2777.093338,560.0928494455183,73.0
2777.193377,528.9319426920632,73.0
2777.29325,536.6619047407781,73.2
2777.393237,533.6009745118538,71.1
2777.493143,537.6811322707912,72.3
2777.593197,554.0333924954343,73.1
2777.693321,532.7400867214706,73.3
2777.793263,522.5791806032843,73.3
2777.893278,540.4673903206372,74.8
2777.9932,552.4861989226519,74.3
2778.093262,576.7685844426688,72.0
2778.193246,577.8840714191731,59.599999999999994
2778.293239,563.0399630576857,58.4
2778.393383,557.3185803470041,59.5
2778.493238,549.6298754616602,64.5
2778.593077,545.0036697124158,63.6
2778.693455,528.0501870087729,61.3
2778.793093,520.143249499597,59.9
2778.893127,522.5523897180071,69.1
2778.993388,533.115372128773,77.60000000000001
2779.093158,551.2585600242412,82.1
2779.193047,561.9332700597109,81.6
2779.293135,562.7379496710703,79.7
2779.393135,564.2180429585711,79.5
2779.493081,570.0350866394103,78.4
2779.593124,561.633332344155,77.0
2779.693138,556.8725168294804,78.10000000000001
2779.793145,564.1178954793049,79.80000000000001
2779.893023,560.1526577639349,79.3
2779.992786,546.32407964504,76.8
2780.09305,548.9571932309476,55.60000000000001
2780.192848,530.6985961918498,54.7
2780.292814,531.0112993148074,55.900000000000006
2780.393067,527.4267721684215,57.599999999999994
2780.492708,546.748571100099,59.199999999999996
2780.592705,566.1104132587565,60.3
2780.693014,576.8908042255484,61.0
2780.793053,557.2378307329825,74.2
2780.892696,558.6000358037941,85.5
2780.99301,528.0426119168793,90.60000000000001
2781.092647,522.7647654538321,87.6
2781.192913,514.4424166026748,88.4
2781.292716,489.2627106166993,81.89999999999999
2781.392978,497.4695970609661,75.9
2781.492907,514.2227143952317,68.5
2781.592906,509.5586325438909,66.8
2781.692857,527.2124808841309,68.4
2781.792897,530.7362810285349,67.30000000000001
2781.892758,531.7226720763372,67.10000000000001
2781.992865,515.6791638218476,67.80000000000001
2782.092557,504.4551516240071,68.7
2782.192848,516.4620024745286,70.1
2782.292624,530.5892950295926,70.1
2782.392777,542.1706373458452,74.6
2782.492545,561.2494988861905,78.9
2782.592796,579.3677588544257,76.6
2782.692817,573.370735214137,74.4
2782.792808,580.9036064615195,75.8
2782.892783,568.014964591603,74.8
2782.992787,549.0,74.4
2783.092686,535.1411028878272,73.5
2783.192787,552.6255513455743,73.3
2783.292697,556.3964413976782,74.1
2783.392747,566.8703555487798,72.0
2783.492602,551.9501789111042,73.0
2783.592428,540.6893747800117,72.0
2783.692906,548.1870118855426,71.6
2783.792499,536.1697492399212,73.9
2783.892496,564.1639832530964,74.5
2783.992445,586.1672116384539,74.6
2784.092405,571.6607385504099,73.9
2784.192738,564.4537182090309,72.5
2784.292335,576.7269717986146,71.89999999999999
2784.39268,573.6906832082948,71.89999999999999
2784.492605,580.249084445637,72.3
2784.592299,589.8626958877803,72.0
2784.692285,574.2290483770391,71.3
2784.792527,583.2066529112986,69.0
2784.892213,570.9413279838831,71.7
2784.992321,566.2887955804882,71.2
2785.092523,570.5348367978944,71.8
2785.1923,575.865435670522,72.7
2785.292314,576.6185914449862,72.7
2785.392501,574.1402267739128,71.6
2785.492129,571.8470075116246,71.0
2785.592227,574.9173853694111,72.5
2785.692176,574.2429799309697,73.5
2785.792208,573.4814731096376,74.6
2785.8922,565.5386812588507,75.5
2785.992136,591.4904902025053,74.9
2786.09218,558.7673934652952,74.3
2786.192411,578.1461752878765,73.6
2786.292157,579.8629148341873,74.9
2786.392167,578.8350369492158,75.3
2786.492328,582.0670064520064,74.2
2786.592065,566.7883202748624,73.2
2786.691994,578.1392565809729,72.5
2786.792354,574.8956427039607,73.6
2786.892012,571.8365150985026,74.7
2786.991978,570.9868649977861,75.8
2787.09224,579.0129532229828,76.1
2787.191998,573.0322853033675,75.5
2787.292187,563.3524651583589,74.3
2787.392037,588.1088334653714,76.1
2787.492011,567.1287331814533,77.10000000000001
2787.592019,568.6079492937115,77.8
2787.692221,583.5589087658589,77.4
2787.791945,579.4523276336026,74.5
2787.892183,568.9947275678396,72.2
2787.992192,570.6303532059962,71.7
2788.092235,578.0735247353921,74.1
2788.192191,579.0595824265409,75.6
2788.292096,568.8681745360694,75.9
2788.391903,562.1192044397701,74.5
2788.492344,579.0872127754161,73.3
2788.591863,573.6218266419087,73.5
2788.692183,576.6064515768098,74.8
2788.791899,582.8112902132216,75.5
2788.892064,574.5963800790952,77.10000000000001
2788.991971,578.4297710180554,76.5
2789.09204,580.7013001535299,76.1
2789.191786,580.5333754402067,79.10000000000001
2789.291797,573.5477312308018,83.0
2789.391795,574.8278003019688,83.7
2789.491729,577.5794317667484,82.1
2789.591986,574.9165156785809,81.2
2789.691732,566.6656862736617,79.10000000000001
2789.791979,577.9498248118084,78.2
2789.891763,573.6671508810663,77.8
2789.991879,580.9440592690487,77.3
2790.091682,582.7126221389065,77.60000000000001
2790.191935,572.1520776856447,77.60000000000001
2790.291688,563.7712301989168,77.8
2790.3919,567.5077091987386,78.10000000000001
2790.491655,594.3180966452225,77.4
2790.591829,575.7013114454404,77.3
2790.691687,585.5501686448396,74.0
2790.791859,584.1960287437771,74.9
2790.891632,554.6296061336791,74.5
2790.991853,569.7227395847914,76.5
2791.091858,578.2810735273981,80.10000000000001
2791.191869,576.4416709433834,73.0
2791.29181,579.0984372280761,66.9
2791.391826,578.3735816926634,65.2
2791.491838,591.956924108503,63.1
2791.592005,598.6401256180544,64.1
2791.691556,575.6891522340854,65.10000000000001
2791.792223,573.6349013091864,64.9
2791.891568,570.6023133496744,65.0
2791.991742,559.6802658661461,63.3
2792.091494,573.0244322888859,64.60000000000001
2792.191744,573.2268311933767,66.9
2792.291497,569.7982098953979,68.2
2792.392015,585.6457973895143,69.69999999999999
2792.491521,571.6240022952151,69.5
2792.591957,578.1513642637194,68.7
2792.691462,584.0085615810782,71.8
2792.791714,576.0807235101692,73.2
2792.891726,586.0836117824828,74.5
2792.991714,581.6846224544706,74.4
2793.091362,573.9076580774994,73.8
2793.191904,573.663664528267,79.2
2793.291387,563.1580595179297,78.4
2793.391593,569.814882220533,78.2
2793.491407,571.6834788587125,78.60000000000001
2793.591879,585.6457973895143,78.5
2793.691353,568.3959887261697,77.7
2793.791626,575.1947496283324,77.8
2793.891783,579.8698129752919,76.8
2793.991315,593.4012133455744,73.9
2794.091546,570.7573915421508,74.4
2794.191595,571.0437811586779,75.4
2794.291288,568.0510540435604,76.0
2794.391491,580.5592131729545,76.3
2794.491522,575.8220211141634,76.2
2794.59128,571.665986394153,76.0
2794.6915,572.2813993133099,76.2
2794.791383,565.1946567334126,76.2
2794.891431,576.2256502447631,76.0
2794.991258,566.347066735584,76.2
2795.091637,571.2530087448117,76.0
2795.191188,568.4206189082166,75.9
2795.291383,564.4776346322324,77.7
2795.391493,564.9398198038442,76.7
2795.491608,582.6465480889765,76.6
2795.591132,585.6756781700944,77.10000000000001
2795.691718,577.1317007408275,76.9
2795.791441,575.8793276373098,77.5
2795.8915,569.0957740134784,77.0
2795.991382,567.3570304490815,77.7
2796.091528,585.7823828009853,77.8
2796.191162,573.964284603145,77.9
2796.291595,572.2534403566308,77.5
2796.391122,565.089373462287,77.60000000000001
2796.491286,578.7546976051253,78.10000000000001
2796.591347,579.8241112613376,78.60000000000001
2796.691589,570.8992905933585,76.3
2796.791037,583.2529468421055,75.3
2796.891193,576.1041572493641,75.0
2796.991215,560.8422238027376,72.5
2797.091208,581.3449922378278,72.7
2797.191073,580.9449199364773,68.2
2797.291557,571.197864141665,66.2
2797.391326,570.6066946680525,66.2
2797.491241,584.6306526346357,66.8
2797.590966,574.3335267943183,67.80000000000001
2797.691009,560.9224545336012,69.6
2797.790973,576.4945793327115,75.8
2797.89091,572.554800870624,80.80000000000001
2797.990958,574.9478237196832,78.60000000000001
2798.090891,580.8941383763482,78.9
2798.191128,578.0103805296234,79.9
2798.291105,576.6688824620243,77.5
2798.391123,570.7021990495568,64.8
2798.491143,585.2144905929791,61.0
2798.591087,584.3577671255855,61.5
2798.690965,564.3075402650579,63.2
2798.791389,564.6104852019665,64.7
2798.890838,574.9069489926175,64.9
2798.99109,571.3046472767397,70.0
2799.091083,576.3280315931197,77.60000000000001
2799.191289,577.3265973433062,77.5
2799.290861,573.9564443405092,78.7
2799.391263,561.9937722074862,79.10000000000001
2799.490984,585.7388496591292,78.3
2799.591022,593.1787251747992,76.7
2799.691049,570.3867109251407,78.0
2799.79122,568.6862052133848,78.60000000000001
2799.890853,561.5282717726686,78.9
2799.990987,571.0499102530356,78.60000000000001
,,76.6
,,75.2
,,74.8
,,75.1
,,74.9
,,74.5
,,75.9
,,75.8
,,75.4
,,73.9
,,84.7
,,90.5
,,91.3
,,89.7
,,90.3
,,88.0
,,89.5
,,82.8
,,68.60000000000001
,,65.7
,,64.60000000000001
,,65.4
,,66.5
,,67.7
,,78.10000000000001
,,83.6
,,84.2
,,83.6
,,83.39999999999999
,,81.39999999999999
,,79.9
,,70.1
,,63.4
,,60.6
,,62.3
,,63.800000000000004
,,66.2
,,64.3
,,69.3
,,72.5
,,73.5
,,74.4
,,75.5
,,76.3
,,76.0
,,74.3
,,72.2
,,73.9
,,73.0
,,73.3
,,73.1
,,72.39999999999999
,,73.7
,,74.8
,,76.1
,,76.0
,,74.4
,,73.6
,,72.2
,,70.7
,,69.19999999999999
,,69.39999999999999
,,69.0
,,68.0
,,66.60000000000001
,,68.4
,,69.89999999999999
,,78.10000000000001
,,76.7
,,76.4
,,75.0
,,75.2
,,76.1
,,74.3
,,75.0
,,76.7
,,77.5
,,78.8
,,77.3
,,78.9
,,79.2
,,78.3
,,81.3
,,81.6
,,83.39999999999999
,,81.8
,,80.10000000000001
,,79.60000000000001
,,78.5
,,80.10000000000001
,,81.3
,,81.5
,,80.60000000000001
,,81.0
,,83.5
,,82.0
,,81.6
,,80.0
,,78.7
,,78.0
,,79.5
,,79.3
,,80.10000000000001
,,80.80000000000001
,,80.80000000000001
,,81.5
,,78.9
,,77.7
,,78.0
,,77.10000000000001
,,78.60000000000001
,,78.0
,,78.3
,,78.60000000000001
,,80.30000000000001
,,90.10000000000001
,,88.8
,,87.4
,,87.8
,,85.6
,,84.7
,,83.3
,,83.5
,,83.0
,,83.7
,,83.2
,,83.8
,,84.6
,,78.10000000000001
,,80.5
,,81.0
,,79.3
,,80.10000000000001
,,79.5
,,80.4
,,80.4
,,79.10000000000001
,,80.4
,,81.0
,,82.1
,,82.19999999999999
,,81.6
,,81.10000000000001
,,80.9
,,79.0
,,79.2
,,79.4
,,78.4
,,76.9
,,76.1
,,75.0
,,73.8
,,74.1
,,69.0
,,67.80000000000001
,,68.30000000000001
,,67.5
,,67.60000000000001
,,66.4
,,66.7
,,67.0
,,69.5
,,72.8
,,73.9
,,73.1
,,71.39999999999999
,,70.8
,,71.3
,,71.89999999999999
,,70.3
,,69.19999999999999
,,75.5
,,77.2
,,80.10000000000001
,,80.30000000000001
,,81.10000000000001
,,81.8
,,82.5
,,82.39999999999999
,,83.0
,,83.8
,,83.89999999999999
,,84.2
,,84.89999999999999
,,84.39999999999999
,,84.1
,,84.3
,,84.2
,,82.6
,,82.89999999999999
,,84.8
,,83.5
,,83.0
,,80.60000000000001
,,81.3
,,80.5
,,80.60000000000001
,,80.30000000000001
,,79.4
,,78.60000000000001
,,78.7
,,80.7
,,81.0
,,81.3
,,81.6
,,80.60000000000001
,,80.7
,,79.4
,,79.3
,,80.60000000000001
,,79.9
,,79.4
,,78.2
,,74.9
,,71.2
,,66.2
,,66.0
,,65.0
,,66.2
,,67.4
,,68.5
,,68.30000000000001
,,66.8
,,67.4
,,75.8
,,76.0
,,74.7
,,74.6
,,76.4
,,75.9
,,77.10000000000001
,,77.3
,,77.0
,,77.2
,,75.8
,,73.6
,,73.2
,,73.7
,,73.6
,,73.7
,,73.4
,,73.2
,,74.7
,,77.4
,,79.4
,,83.0
,,87.4
,,88.7
,,87.2
,,86.3
,,84.89999999999999
,,85.5
,,85.2
,,84.3
,,81.8
,,83.0
,,76.9
,,77.3
,,77.8
,,79.9
,,81.6
,,81.69999999999999
,,80.9
,,81.6
,,78.9
,,78.60000000000001
,,80.30000000000001
,,80.9
,,82.1
,,82.39999999999999
,,82.39999999999999
,,79.0
,,78.5
,,79.10000000000001
,,72.6
,,67.2
,,66.7
,,69.3
,,70.19999999999999
,,70.7
,,71.6
,,71.0
,,71.8
,,71.5
,,74.8
,,78.9
,,77.5
,,75.6
,,75.0
,,75.1
,,74.9
,,74.1
,,73.8
,,77.0
,,75.3
,,74.4
,,72.89999999999999
,,74.4
,,75.0
,,75.2
,,73.3
,,74.4
,,74.8
,,75.3
,,76.8
,,75.5
,,74.6
,,74.1
,,73.7
,,73.9
,,74.0
,,73.3
,,72.39999999999999
,,72.2
,,77.60000000000001
,,84.7
,,82.8
,,81.8
,,81.3
,,82.5
,,82.3
,,81.39999999999999
,,81.6
,,81.3
,,82.0
,,82.1
,,83.39999999999999
,,81.10000000000001
,,80.0
,,79.10000000000001
,,79.0
,,81.2
,,79.3
,,79.0
,,81.10000000000001
,,82.8
,,81.69999999999999
,,80.7
,,80.30000000000001
,,80.2
,,82.1
,,85.7
,,84.1
,,84.8
,,84.3
,,82.8
,,83.8
,,86.1
,,80.2
,,78.0
,,73.0
,,74.3
,,77.60000000000001
,,79.7
,,80.30000000000001
,,79.5
,,78.4
,,79.4
,,81.10000000000001
,,87.4
,,87.2
,,85.7
,,84.39999999999999
,,82.3
,,76.3
,,71.6
,,71.6
,,71.6
,,71.89999999999999
,,71.39999999999999
,,72.5
,,73.0
,,73.8
,,74.9
,,74.6
,,73.2
,,73.6
,,73.8
,,72.2
,,73.3
,,73.2
,,72.3
,,73.0
,,72.2
,,71.8
,,70.5
,,68.2
,,68.4
,,69.69999999999999
,,77.7
,,79.7
,,78.8
,,76.5
,,74.0
,,75.8
,,81.5
,,81.39999999999999
,,79.2
,,77.7
,,75.8
,,77.0
,,80.80000000000001
,,83.5
,,84.0
,,83.7
,,91.9
,,92.10000000000001
,,93.10000000000001
,,93.30000000000001
,,91.60000000000001
,,88.3
,,87.3
,,90.0
,,91.5
,,91.5
,,88.2
,,85.1
,,84.2
,,85.7
,,80.10000000000001
,,81.10000000000001
,,81.69999999999999
,,81.5
,,82.3
,,82.69999999999999
,,82.89999999999999
,,80.80000000000001
,,75.2
,,74.5
,,73.4
,,73.2
,,73.0
,,72.39999999999999
,,74.5
,,74.1
,,73.7
,,72.7
,,75.8
,,76.8
,,77.3
,,78.8
,,80.80000000000001
,,81.5
,,80.5
,,82.89999999999999
,,86.7
,,87.4
,,88.6
,,90.2
,,90.10000000000001
,,86.0
,,85.1
,,84.5
,,84.3
,,83.0
,,82.6
,,80.9
,,79.5
,,80.5
,,82.1
,,83.2
,,82.5
,,80.10000000000001
,,80.30000000000001
,,81.3
,,83.8
,,83.3
,,87.2
,,91.7
,,92.0
,,92.4
,,91.9
,,90.4
,,87.9
,,87.9
,,87.2
,,88.4
,,89.8
,,85.7
,,79.4
,,77.3
,,79.0
,,80.60000000000001
,,80.60000000000001
,,80.9
,,80.2
,,78.8
,,79.2
,,81.5
,,84.6
,,85.9
,,83.7
,,82.19999999999999
,,81.5
,,79.3
,,80.80000000000001
,,80.4
,,79.0
,,79.2
,,80.9
,,81.0
,,80.80000000000001
,,79.3
,,80.10000000000001
,,81.6
,,83.39999999999999
,,84.7
,,85.0
,,85.1
,,86.2
,,88.2
,,88.4
,,87.6
,,86.3
,,85.9
,,86.2
,,85.39999999999999
,,85.2
,,84.6
,,84.89999999999999
,,84.1
,,83.0
,,82.69999999999999
,,82.5
,,83.6
,,83.6
,,84.6
,,85.0
,,84.7
,,81.39999999999999
,,78.8
,,79.10000000000001
,,81.0
,,84.1
,,86.3
,,85.3
,,86.0
,,83.89999999999999
,,85.0
,,86.5
,,84.6
,,78.9
,,79.5
,,79.7
,,79.9
,,78.4
,,77.5
,,77.2
,,75.6
,,76.0
,,77.7
,,79.2
,,79.3
,,79.0
,,79.0
,,78.8
,,85.9
,,84.6
,,81.5
,,80.5
,,78.7
,,78.7
,,78.2
,,78.60000000000001
,,75.5
,,76.7
,,77.7
,,78.9
,,79.5
,,82.0
,,82.1
,,80.10000000000001
,,75.6
,,72.89999999999999
,,65.5
,,64.2
,,63.7
,,65.9
,,65.10000000000001
,,66.0
,,66.5
,,66.0
,,66.0
,,64.9
,,65.2
,,74.9
,,75.7
,,80.9
,,80.2
,,79.2
,,79.2
,,80.80000000000001
,,81.0
,,80.7
,,80.5
,,80.30000000000001
,,80.0
,,82.89999999999999
,,84.39999999999999
,,85.6
,,86.3
,,87.2
,,88.0
,,87.2
,,86.7
,,88.6
,,86.9
,,85.0
,,83.8
,,82.0
,,82.3
,,81.39999999999999
,,79.80000000000001
,,76.4
,,76.3
,,77.2
,,78.3
,,79.9
,,80.0
,,80.2
,,77.9
,,77.4
,,78.9
,,79.80000000000001
,,81.10000000000001
,,82.0
,,80.2
,,80.10000000000001
,,79.0
,,79.10000000000001
,,78.8
,,81.0
,,82.89999999999999
,,84.1
,,79.80000000000001
,,77.0
,,75.8
,,76.2
,,76.8
,,76.9
,,73.9
,,67.80000000000001
,,70.3
,,70.5
,,67.9
,,71.0
,,71.39999999999999
,,70.1
,,70.5
,,77.7
,,79.60000000000001
,,77.60000000000001
,,74.2
,,73.1
,,73.7
,,77.8
,,78.5
,,84.2
,,85.8
,,86.9
,,86.5
,,86.2
,,90.5
,,92.10000000000001
,,92.4
,,89.0
,,90.7
,,91.3
,,93.0
,,92.9
,,90.9
,,89.5
,,92.5
,,91.5
,,90.60000000000001
,,88.3
,,86.4
,,85.8
,,85.8
,,83.3
,,81.2
,,82.19999999999999
,,82.1
,,82.69999999999999
,,82.69999999999999
,,82.0
,,79.0
,,77.4
,,81.2
,,84.1
,,85.9
,,85.39999999999999
,,84.7
,,83.0
,,82.69999999999999
,,84.7
,,86.1
,,85.3
,,86.7
,,86.7
,,87.2
,,86.5
,,85.2
,,86.0
,,86.2
,,79.4
,,79.5
,,81.6
,,82.6
,,80.30000000000001
,,79.5
,,82.3
,,83.39999999999999
,,82.69999999999999
,,82.89999999999999
,,85.39999999999999
,,85.6
,,83.7
,,84.3
,,84.89999999999999
,,84.6
,,85.6
,,87.0
,,86.9
,,86.3
,,86.3
,,85.39999999999999
,,86.1
,,86.8
,,86.7
,,86.8
,,86.0
,,86.2
,,89.0
,,88.1
,,86.6
,,85.5
,,84.6
,,85.6
,,83.89999999999999
,,82.19999999999999
,,81.39999999999999
,,83.2
,,82.0
,,82.5
,,83.7
,,83.0
,,83.39999999999999
,,81.8
,,82.69999999999999
,,82.8
,,82.5
,,82.3
,,82.3
,,83.7
,,84.89999999999999
,,84.1
,,84.7
,,86.3
,,86.3
,,86.4
,,87.6
,,87.3
,,86.2
,,86.1
,,86.3
,,86.4
,,87.3
,,88.0
,,88.7
,,88.6
,,88.6
,,88.3
,,86.7
,,86.4
,,84.6
,,84.3
,,85.0
,,85.0
,,85.3
,,86.4
,,86.3
,,87.0
,,85.9
,,86.0
,,87.2
,,85.9
,,86.9
,,89.1
,,87.3
,,87.0
,,86.4
,,87.1
,,87.6
,,87.9
,,87.5
,,86.1
,,84.7
,,84.1
,,84.2
,,84.5
,,85.1
,,84.7
,,75.9
,,66.3
,,69.0
,,70.3
,,73.8
,,75.1
,,75.2
,,74.7
,,80.2
,,94.89999999999999
,,94.89999999999999
,,94.89999999999999
,,93.2
,,94.19999999999999
,,92.9
,,92.30000000000001
,,92.0
,,85.5
,,74.0
,,73.6
,,73.6
,,73.9
,,74.5
,,77.8
,,78.4
,,78.4
,,77.2
,,76.8
,,78.8
,,79.3
,,83.1
,,86.0
,,85.39999999999999
,,85.2
,,83.7
,,84.1
,,85.2
,,85.8
,,86.0
,,87.1
,,87.9
,,88.6
,,88.4
,,88.1
,,87.5
,,86.5
,,85.7
,,85.9
,,85.0
,,85.2
,,85.1
,,85.5
,,85.8
,,85.2
,,83.7
,,75.7
,,75.4
,,75.6
,,75.6
,,76.1
,,76.2
,,76.1
,,75.3
,,75.7
,,76.1
,,78.3
,,78.5
,,78.5
,,80.4
,,80.5
,,80.80000000000001
,,81.5
,,82.1
,,82.6
,,82.1
,,80.9
,,80.4
,,79.2
,,79.4
,,78.60000000000001
,,77.8
,,76.8
,,75.9
,,76.8
,,77.3
,,77.7
,,78.10000000000001
,,78.2
,,77.4
,,76.7
,,78.5
,,81.3
,,82.69999999999999
,,84.1
,,84.5
,,86.0
,,89.4
,,88.9
,,88.1
,,88.6
,,87.5
,,86.9
,,85.8
,,86.7
,,85.7
,,84.39999999999999
,,82.69999999999999
,,82.39999999999999
,,82.5
,,81.6
,,80.4
,,78.9
,,75.1
,,66.0
,,69.69999999999999
,,73.6
,,74.6
,,75.5
,,74.5
,,74.5
,,74.9
,,75.6
,,76.2
,,75.5
,,73.5
,,75.0
,,74.6
,,75.1
,,74.5
,,73.9
,,74.0
,,75.8
,,81.8
,,82.39999999999999
,,82.0
,,79.7
,,79.60000000000001
,,79.60000000000001
,,78.7
,,79.4
,,79.10000000000001
,,79.2
,,80.2
,,80.4
,,81.39999999999999
,,81.5
,,82.19999999999999
,,83.5
,,84.2
,,83.7
,,82.69999999999999
,,82.5
,,83.0
,,82.69999999999999
,,82.1
,,81.69999999999999
,,82.69999999999999
,,82.39999999999999
,,83.3
,,82.8
,,82.5
,,83.5
,,82.39999999999999
,,82.0
,,81.69999999999999
,,80.60000000000001
,,81.5
,,80.10000000000001
,,73.0
,,72.0
,,74.1
,,75.4
,,75.4
,,73.5
,,71.8
,,71.39999999999999
,,71.8
,,74.5
,,73.4
,,72.0
,,71.7
,,73.3
,,75.7
,,76.0
,,75.3
,,74.1
,,74.9
,,76.3
,,77.0
,,75.6
,,76.9
,,76.9
,,80.80000000000001
,,82.89999999999999
,,83.2
,,84.2
,,84.1
,,82.39999999999999
,,80.60000000000001
,,78.5
,,79.7
,,79.5
,,78.60000000000001
,,77.8
,,79.5
,,79.9
,,74.2
,,75.6
,,71.0
,,72.3
,,72.2
,,73.5
,,76.1
,,77.5
,,76.8
,,75.5
,,73.9
,,74.2
,,74.1
,,74.2
,,74.9
,,75.2
,,74.8
,,77.60000000000001
,,83.3
,,90.4
,,90.2
,,90.3
,,87.9
,,73.5
,,68.0
,,66.7
,,68.89999999999999
,,68.4
,,70.1
,,70.39999999999999
,,68.89999999999999
,,69.6
,,69.89999999999999
,,69.39999999999999
,,68.89999999999999
,,70.1
,,72.5
,,76.7
,,73.5
,,74.6
,,75.7
,,76.2
,,74.6
,,74.8
,,73.1
,,73.5
,,73.9
,,75.4
,,75.1
,,75.4
,,75.7
,,75.8
,,78.2
,,78.10000000000001
,,78.2
,,77.8
,,77.10000000000001
,,78.7
,,78.8
,,78.4
,,77.3
,,76.8
,,76.4
,,76.2
,,76.1
,,74.9
,,74.9
,,72.3
,,72.3
,,67.7
,,66.10000000000001
,,67.0
,,68.8
,,70.19999999999999
,,71.3
,,70.8
,,70.0
,,69.69999999999999
,,69.8
,,78.2
,,77.8
,,77.9
,,78.0
,,78.0
,,76.5
,,77.5
,,77.0
,,75.1
,,74.0
,,72.6
,,73.6
,,73.9
,,73.6
,,73.3
,,72.1
,,73.6
,,75.2
,,77.60000000000001
,,77.4
,,77.2
,,74.2
,,72.39999999999999
,,74.8
,,77.10000000000001
,,78.7
,,77.60000000000001
,,77.2
,,76.8
,,78.60000000000001
,,79.2
,,78.60000000000001
,,77.4
,,81.39999999999999
,,90.5
,,91.7
,,90.60000000000001
,,91.10000000000001
,,88.4
,,85.1
,,77.4
,,78.3
,,80.2
,,80.9
,,74.2
,,75.2
,,77.10000000000001
,,77.60000000000001
,,76.3
,,77.9
,,78.2
,,78.2
,,79.80000000000001
,,80.4
,,79.3
,,78.7
,,78.2
,,77.2
,,76.8
,,75.2
,,75.3
,,76.2
,,76.4
,,74.7
,,70.7
,,73.8
,,74.6
,,75.2
,,74.8
,,74.9
,,74.0
,,74.0
,,75.1
,,76.1
,,76.6
,,74.5
,,73.7
,,76.1
,,78.3
,,79.9
,,78.3
,,76.7
,,73.8
,,74.6
,,74.3
,,75.9
,,76.2
,,77.0
,,78.8
,,78.2
,,78.5
,,83.1
,,82.89999999999999
,,78.8
,,77.10000000000001
,,78.60000000000001
,,75.7
,,73.1
,,68.5
,,64.2
,,62.3
,,65.0
,,63.0
,,64.0
,,69.69999999999999
,,74.3
,,76.2
,,75.0
,,76.9
,,76.8
,,76.8
,,77.3
,,78.7
,,79.7
,,77.0
,,75.6
,,75.2
,,75.4
,,91.9
,,92.5
,,90.7
,,88.3
,,88.5
,,89.0
,,89.4
,,91.3
,,92.30000000000001
,,87.1
,,89.1
,,91.5
,,75.0
,,65.10000000000001
,,64.1
,,71.0
,,71.8
,,73.1
,,70.3
,,70.8
,,71.6
,,74.5
,,85.9
,,94.89999999999999
,,93.8
,,94.69999999999999
,,94.89999999999999
,,94.89999999999999
,,94.89999999999999
,,94.89999999999999
,,94.89999999999999
,,94.89999999999999
,,94.89999999999999
,,91.4
,,87.7
,,85.3
,,84.6
,,83.3
,,83.8
,,82.1
,,84.5
,,84.1
,,84.5
,,81.3
,,80.9
,,81.2
,,82.6
,,85.0
,,85.3
,,85.6
,,86.1
,,88.4
,,83.89999999999999
,,83.1
,,84.5
,,84.39999999999999
,,84.2
,,83.89999999999999
,,82.69999999999999
,,79.9
,,78.5
,,76.7
,,74.8
,,74.0
,,72.3
,,71.5
,,73.4
,,74.7
,,76.7
,,76.6
,,76.6
,,76.8
,,77.4
,,79.10000000000001
,,79.5
,,78.9
,,77.8
,,75.9
,,75.6
,,71.89999999999999
,,73.2
,,73.3
,,74.4
,,74.9
,,73.0
,,72.1
,,71.6
,,72.7
,,74.2
,,74.3
,,73.4
,,74.0
,,75.3
,,76.2
,,76.4
,,78.5
,,79.2
,,77.5
,,80.5
,,79.9
,,79.0
,,80.0
,,78.9
,,79.7
,,79.4
,,78.9
,,77.7
,,79.2
,,79.9
,,79.80000000000001
,,85.7
,,87.6
,,88.0
,,83.8
,,83.2
,,81.3
,,80.4
,,79.80000000000001
,,80.4
,,79.5
,,78.2
,,79.7
,,80.30000000000001
,,82.3
,,84.8
,,83.3
,,77.2
,,71.3
,,74.3
,,75.5
,,77.4
,,77.60000000000001
,,79.3
,,77.3
,,83.39999999999999
,,85.3
,,84.89999999999999
,,83.5
,,81.0
,,79.5
,,78.9
,,76.9
,,76.5
,,73.4
,,73.2
,,74.0
,,74.2
,,74.9
,,75.9
,,76.3
,,76.8
,,78.7
,,78.60000000000001
,,79.9
,,80.30000000000001
,,78.8
,,78.4
,,76.8
,,77.0
,,75.9
,,75.6
,,75.5
,,74.4
,,74.9
,,73.1
,,72.1
,,74.3
,,74.4
,,74.7
,,75.1
,,79.9
,,79.10000000000001
,,76.2
,,74.5
,,73.4
,,72.3
,,73.6
,,74.2
,,72.89999999999999
,,71.1
,,71.3
,,71.0
,,72.3
,,74.0
,,75.7
,,75.6
,,74.3
,,74.5
,,75.1
,,75.2
,,75.8
,,76.2
,,77.2
,,77.5
,,78.4
,,77.9
,,77.5
,,77.9
,,76.8
,,77.2
,,78.60000000000001
,,79.4
,,76.4
,,75.2
,,75.0
,,73.4
,,68.0
,,67.4
,,67.5
,,67.10000000000001
,,70.0
,,71.1
,,70.89999999999999
,,71.89999999999999
,,74.0
,,74.7
,,74.5
,,74.9
,,76.5
,,76.0
,,75.9
,,76.0
,,74.5
,,73.2
,,71.6
,,69.89999999999999
,,70.1
,,68.89999999999999
,,69.19999999999999
,,68.4
,,69.1
,,69.89999999999999
,,69.1
,,71.1
,,70.89999999999999
,,71.89999999999999
,,75.1
,,75.8
,,75.5
,,74.0
,,72.6
,,73.3
,,72.5
,,70.39999999999999
,,68.8
,,66.0
,,65.4
,,67.60000000000001
,,69.19999999999999
,,68.5
,,65.5
,,68.10000000000001
,,70.19999999999999
,,72.8
,,74.9
,,73.3
,,74.2
,,73.9
,,72.0
,,61.6
,,52.300000000000004
,,50.3
,,46.800000000000004
,,49.3
,,48.6
,,53.1
,,53.400000000000006
,,58.3
,,56.8
,,55.2
,,49.6
,,46.2
,,47.5
,,49.6
,,53.6
,,45.9
,,33.5
,,24.8
,,23.599999999999998
,,15.0
,,15.0
,,15.0
,,15.0
,,15.0
,,15.0
,,13.5
,,11.200000000000001
,,8.799999999999999
,,6.4
,,5.0
,,5.0
,,5.0
,,5.0
,,5.0
,,5.0
,,5.0
,,5.0
,,5.0
,,5.0
,,5.0
,,5.0
,,5.0
,,5.0
,,5.0
,,5.0
,,5.0
,,5.0
,,5.0
,,5.0
,,5.0
,,5.0
,,5.0
,,5.0
,,5.0
,,5.0
,,5.0
,,5.0
,,5.0
,,5.0
,,5.0
,,5.0
,,5.0
,,5.0
,,5.0
,,5.0
,,5.0
,,5.0
,,5.0
,,0.0
,,0.0
,,0.0
,,0.0
,,0.0
,,0.0
,,0.0
,,0.0
,,0.0
,,0.0
,,0.0
,,0.0
,,0.0
,,0.0
,,0.0
,,0.0
,,0.0
,,0.0
,,0.0
,,0.0
,,0.0
,,0.0
,,0.0
,,0.0
,,0.0
,,0.0
,,0.0
,,0.0
,,0.0
,,0.0
,,0.0
,,0.0
,,0.0
,,0.0
,,0.0
,,0.0
,,0.0
,,0.0
,,0.0
,,0.0
,,0.0
,,0.0
,,0.0
,,0.0
,,0.0
,,0.0
,,0.0
,,0.0
,,0.0
,,0.0
,,0.0
,,0.0
,,0.0
,,0.0
,,0.0
,,0.0
,,0.0
,,0.0
,,0.0
,,0.0
,,0.0
,,0.0
,,0.0
,,0.0
,,0.0
,,0.0
,,0.0
,,0.0
,,0.0
,,0.0
,,0.0
,,0.0
,,0.0
,,0.0
,,0.0
,,0.0
,,0.0
,,0.0
,,0.0
,,0.0
,,0.0
,,0.0
,,0.0
,,0.0
,,0.0
,,0.0
,,0.0
,,0.0
,,0.0
,,0.0
,,0.0
,,0.0
,,0.0
,,0.0
,,0.0
,,0.0
,,0.0
,,0.0
,,0.0
,,0.0
,,0.0
,,0.0
,,0.0
,,0.0
,,0.0
,,0.0
,,0.0
,,0.0
,,0.0
,,0.0
,,0.0
,,0.0
,,0.0
,,0.0
,,0.0
,,0.0
,,0.0
,,0.0
,,0.0
,,0.0
,,0.0
,,0.0
,,0.0
,,0.0
,,0.0
,,0.0
,,0.0
,,0.0
,,0.0
,,0.0
,,0.0
,,0.0
,,0.0
,,0.0
,,0.0
,,0.0
,,0.0
,,0.0
,,0.0
,,0.0
,,0.0
,,0.0
,,0.0
,,0.0
,,0.0
,,0.0
,,0.0
,,0.0
,,0.0
,,0.0
,,0.0
,,0.0
,,0.0
,,0.0
,,0.0
,,0.0
,,0.0
,,0.0
,,0.0
,,0.0
,,0.0
,,0.0
,,0.0
,,0.0
,,0.0
,,0.0
,,0.0
,,0.0
,,0.0
,,0.0
,,0.0
,,0.0
,,0.0
,,0.0
,,0.0
,,0.0
,,0.0
,,0.0
,,0.0
,,0.0
,,0.0
,,0.0
,,0.0
,,0.0
,,0.0
,,0.0
,,0.0
,,0.0
,,0.0
,,0.0
,,0.0
,,0.0
,,0.0
,,0.0
,,0.0
,,0.0
,,0.0
,,0.0
,,0.0
,,0.0
,,0.0
,,0.0
,,0.0
,,0.0
,,0.0
,,0.0
,,0.0
,,0.0
,,0.0
,,0.0
,,0.0
,,0.0
,,0.0
,,0.0
,,0.0
,,0.0
,,0.0
,,0.0
,,0.0
,,0.0
,,0.0
,,0.0
,,0.0
,,0.0
,,0.0
,,0.0
,,0.0
,,0.0
,,0.0
,,0.0
,,0.0
,,0.0
,,0.0
,,0.0
,,0.0
,,0.0
,,0.0
,,0.0
,,0.0
,,0.0
,,0.0
,,0.0
,,0.0
,,0.0
,,0.0
,,0.0
,,0.0
,,0.0
,,0.0
,,0.0
,,0.0
,,0.0
,,0.0
,,0.0
,,0.0
,,0.0
,,0.0
,,0.0
,,0.0
,,0.0
,,0.0
,,0.0
,,0.0
,,0.0
,,0.0
,,0.0
,,0.0
,,0.0
,,0.0
,,0.0
,,0.0
,,0.0
,,0.0
,,0.0
,,0.0
,,0.0
,,0.0
,,0.0
,,0.0
,,0.0
,,0.0
,,0.0
,,0.0
,,0.0
,,0.0
,,0.0
,,0.0
,,0.0
,,0.0
,,0.0
,,0.0
,,0.0
,,0.0
,,0.0
,,0.0
,,0.0
,,0.0
,,0.0
,,0.0
,,0.0
,,0.0
,,0.0
,,0.0
,,0.0
,,0.0
,,0.0
,,0.0
,,0.0
,,0.0
,,0.0
,,0.0
,,0.0
,,0.0
,,0.0
,,0.0
,,0.0
,,0.0
,,0.0
,,0.0
,,0.0
,,0.0
,,0.0
,,0.0
,,0.0
,,0.0
,,0.0
,,0.0
,,0.0
,,0.0
,,0.0
,,0.0
,,0.0
,,0.0
,,0.0
,,0.0
,,0.0
,,0.0
,,0.0
,,0.0
,,0.0
