timestamp,TimeS,Vcc,VServo,Flags,AccFlags,Safety
1774627427.565142,2675.003871,5.158868312835693,5.021318435668945,1,17,6
1774627427.6649299,2675.103659,5.194921970367432,5.021318435668945,1,17,6
1774627427.7651289,2675.203858,5.194418430328369,5.016483306884766,1,17,6
1774627427.8646939,2675.303423,5.181326389312744,5.023736000061035,1,17,6
1774627427.965407,2675.404136,5.188778400421143,5.023736000061035,1,17,6
1774627428.0646598,2675.503389,5.164709568023682,5.030988693237305,1,17,6
1774627428.165086,2675.603815,5.19049072265625,5.009230613708496,1,17,6
1774627428.2646859,2675.703415,5.165716648101807,5.021318435668945,1,17,6
1774627428.3648949,2675.803624,5.1789093017578125,5.004395484924316,1,17,6
1774627428.4648259,2675.903555,5.1779022216796875,5.023736000061035,1,17,6
1774627428.5648239,2676.003553,5.169744968414307,5.023736000061035,1,17,6
1774627428.664553,2676.103282,5.160177707672119,5.009230613708496,1,17,6
1774627428.7647269,2676.203456,5.201467990875244,5.014065742492676,1,17,6
1774627428.864603,2676.303332,5.173974514007568,5.0189008712768555,1,17,2
1774627428.964796,2676.403525,5.180319309234619,5.016483306884766,1,17,2
1774627429.064534,2676.503263,5.125433444976807,5.021318435668945,1,17,2
1774627429.164613,2676.603342,5.181829929351807,5.016483306884766,1,17,2
1774627429.264778,2676.703507,5.193713188171387,5.026153564453125,1,17,2
1774627429.364538,2676.803267,5.177398681640625,5.023736000061035,1,17,2
1774627429.4646869,2676.903416,5.194418430328369,5.016483306884766,1,17,2
1774627429.564466,2677.003195,5.205596923828125,5.026153564453125,1,17,2
1774627429.6646569,2677.103386,5.195929050445557,5.026153564453125,1,17,2
1774627429.764404,2677.203133,5.193612575531006,5.021318435668945,1,17,2
1774627429.864609,2677.303338,5.176995754241943,5.023736000061035,1,17,2
1774627429.964405,2677.403134,5.177398681640625,5.016483306884766,1,17,2
1774627430.0648549,2677.503584,5.183541774749756,5.021318435668945,1,17,2
1774627430.164507,2677.603236,5.1879730224609375,5.023736000061035,1,17,2
1774627430.264881,2677.70361,5.196633815765381,5.028571128845215,1,17,2
1774627430.3646278,2677.803357,5.201467990875244,5.006813049316406,1,17,2
1774627430.464563,2677.903292,5.2121429443359375,5.028571128845215,1,17,2
1774627430.564292,2678.003021,5.2101287841796875,5.021318435668945,1,17,2
1774627430.664536,2678.103265,5.180721759796143,5.011648178100586,1,17,2
1774627430.764322,2678.203051,5.198446750640869,5.011648178100586,1,17,2
1774627430.864405,2678.303134,5.173168659210205,5.021318435668945,1,17,2
1774627430.9642909,2678.40302,5.1844482421875,5.026153564453125,1,17,2
1774627431.064529,2678.503258,5.183441162109375,5.021318435668945,1,17,2
1774627431.1642299,2678.602959,5.179312229156494,5.023736000061035,1,17,2
1774627431.2645,2678.703229,5.191598415374756,5.011648178100586,1,17,2
1774627431.3643138,2678.803043,5.206201076507568,5.021318435668945,1,17,2
1774627431.464475,2678.903204,5.200964450836182,5.021318435668945,1,17,2
1774627431.564256,2679.002985,5.214962482452393,5.021318435668945,1,17,2
1774627431.664489,2679.103218,5.193310260772705,5.030988693237305,1,17,2
1774627431.76431,2679.203039,5.182131767272949,5.016483306884766,1,17,2
1774627431.864619,2679.303348,5.181326389312744,5.021318435668945,1,17,2
1774627431.964208,2679.402937,5.161990165710449,5.014065742492676,1,17,2
1774627432.064664,2679.503393,5.198647975921631,5.016483306884766,1,17,2
1774627432.164173,2679.602902,5.206503391265869,5.021318435668945,1,17,2
1774627432.264616,2679.703345,5.183441162109375,5.014065742492676,1,17,2
1774627432.3643699,2679.803099,5.190087795257568,5.028571128845215,1,17,2
1774627432.4646559,2679.903385,5.198245048522949,5.014065742492676,1,17,6
1774627432.564163,2680.002892,5.169140338897705,5.026153564453125,1,17,6
1774627432.6646059,2680.103335,5.163400173187256,5.011648178100586,1,17,6
1774627432.7642229,2680.202952,5.199957370758057,5.016483306884766,1,17,6
1774627432.864553,2680.303282,5.193209648132324,5.011648178100586,1,17,6
1774627432.964031,2680.40276,5.157558917999268,5.014065742492676,1,17,6
1774627433.064427,2680.503156,5.183340549468994,5.016483306884766,1,17,6
1774627433.164336,2680.603065,5.161083698272705,5.026153564453125,1,17,6
1774627433.264365,2680.703094,5.1738739013671875,5.023736000061035,1,17,6
1774627433.364048,2680.802777,5.175686359405518,5.016483306884766,1,17,6
1774627433.464504,2680.903233,5.164206027984619,5.014065742492676,1,17,6
1774627433.56406,2681.002789,5.171557426452637,5.006813049316406,1,17,6
1774627433.664264,2681.102993,5.154839992523193,5.021318435668945,1,17,6
1774627433.7642899,2681.203019,5.183239459991455,5.011648178100586,1,17,6
1774627433.864065,2681.302794,5.18223237991333,5.011648178100586,1,17,6
1774627433.9640949,2681.402824,5.189080715179443,5.014065742492676,1,17,6
1774627434.064252,2681.502981,5.187066555023193,5.016483306884766,1,17,6
1774627434.163996,2681.602725,5.181829929351807,5.026153564453125,1,17,6
1774627434.264016,2681.702745,5.171557426452637,5.016483306884766,1,17,6
1774627434.3639479,2681.802677,5.149804592132568,5.0189008712768555,1,17,6
1774627434.463974,2681.902703,5.187872409820557,5.023736000061035,1,17,6
1774627434.5639799,2682.002709,5.164608478546143,5.009230613708496,1,17,6
1774627434.664,2682.102729,5.183743000030518,5.016483306884766,1,17,6
1774627434.764118,2682.202847,5.166220188140869,5.006813049316406,1,17,6
1774627434.8641589,2682.302888,5.197439670562744,5.016483306884766,1,17,6
1774627434.964282,2682.403011,5.151818752288818,5.016483306884766,1,17,6
1774627435.0639539,2682.502683,5.1627960205078125,5.011648178100586,1,17,6
1774627435.164114,2682.602843,5.173672199249268,5.023736000061035,1,17,6
1774627435.2639809,2682.70271,5.179412841796875,5.009230613708496,1,17,6
1774627435.364127,2682.802856,5.172060966491699,5.026153564453125,1,17,6
1774627435.4641109,2682.90284,5.181124687194824,5.006813049316406,1,17,6
1774627435.5640988,2683.002828,5.085855007171631,5.011648178100586,1,17,6
1774627435.664135,2683.102864,5.180117607116699,5.016483306884766,1,17,6
1774627435.764052,2683.202781,5.19028902053833,5.021318435668945,1,17,6
1774627435.86413,2683.302859,5.183642387390137,5.009230613708496,1,17,6
1774627435.9642699,2683.402999,5.190691947937012,5.014065742492676,1,17,6
1774627436.06382,2683.502549,5.184145927429199,5.021318435668945,1,17,6
1774627436.1643,2683.603029,5.173672199249268,5.023736000061035,1,17,6
1774627436.264085,2683.702814,5.1869659423828125,5.014065742492676,1,17,6
1774627436.3642879,2683.803017,5.15000581741333,5.021318435668945,1,17,6
1774627436.463865,2683.902594,5.194619655609131,5.016483306884766,1,17,6
1774627436.564301,2684.00303,5.193914890289307,5.026153564453125,1,17,6
1774627436.663765,2684.102494,5.193713188171387,5.014065742492676,1,17,6
1774627436.764067,2684.202796,5.191397190093994,5.0189008712768555,1,17,6
1774627436.864076,2684.302805,5.159573078155518,5.021318435668945,1,17,6
1774627436.963997,2684.402726,5.185052394866943,5.026153564453125,1,17,6
1774627437.06369,2684.502419,5.187469482421875,5.016483306884766,1,17,6
1774627437.164156,2684.602885,5.187368869781494,5.026153564453125,1,17,6
1774627437.26373,2684.702459,5.164709568023682,5.021318435668945,1,17,6
1774627437.363925,2684.802654,5.184750080108643,5.023736000061035,1,17,6
1774627437.4639719,2684.902701,5.0822296142578125,5.001977920532227,1,17,6
1774627437.5641758,2685.002905,5.179714679718018,5.026153564453125,1,17,6
1774627437.663718,2685.102447,5.16209077835083,5.023736000061035,1,17,6
1774627437.7641559,2685.202885,5.1819305419921875,5.014065742492676,1,17,6
1774627437.863944,2685.302673,5.177801609039307,5.016483306884766,1,17,6
1774627437.963935,2685.402664,5.181225299835205,5.016483306884766,1,17,6
1774627438.063881,2685.50261,5.152121067047119,5.001977920532227,1,17,6
1774627438.163895,2685.602624,5.168737888336182,5.006813049316406,1,17,6
1774627438.2636309,2685.70236,5.160580158233643,5.016483306884766,1,17,6
1774627438.363597,2685.802326,5.0560455322265625,5.016483306884766,1,17,6
1774627438.463677,2685.902406,5.161990165710449,5.006813049316406,1,17,6
1774627438.5637848,2686.002514,5.161184787750244,5.011648178100586,1,17,6
1774627438.663636,2686.102365,5.166723728179932,5.016483306884766,1,17,6
1774627438.76387,2686.202599,5.142956256866455,5.0334062576293945,1,17,6
1774627438.86358,2686.302309,5.1849517822265625,5.011648178100586,1,17,6
1774627438.963638,2686.402367,5.16632080078125,5.009230613708496,1,17,6
1774627439.063794,2686.502523,5.157961845397949,5.009230613708496,1,17,6
1774627439.1635869,2686.602316,5.122714042663574,5.021318435668945,1,17,6
1774627439.263577,2686.702306,5.156451225280762,5.016483306884766,1,17,6
1774627439.363775,2686.802504,5.17437744140625,5.016483306884766,1,17,6
1774627439.46351,2686.902239,5.175384521484375,5.021318435668945,1,17,6
1774627439.563477,2687.002206,5.15826416015625,5.016483306884766,1,17,6
1774627439.663626,2687.102355,5.157357692718506,5.023736000061035,1,17,6
1774627439.7636049,2687.202334,5.177700519561768,5.030988693237305,1,17,6
1774627439.863832,2687.302561,5.176693439483643,5.004395484924316,1,17,6
1774627439.963712,2687.402441,5.0933074951171875,5.021318435668945,1,17,6
1774627440.063886,2687.502615,5.165716648101807,5.009230613708496,1,17,6
1774627440.163502,2687.602231,5.172262668609619,5.001977920532227,1,17,6
1774627440.263852,2687.702581,5.153128147125244,5.016483306884766,1,17,6
1774627440.3636189,2687.802348,5.165011405944824,5.026153564453125,1,17,6
1774627440.463863,2687.902592,5.185052394866943,5.023736000061035,1,17,6
1774627440.5636399,2688.002369,5.180822849273682,5.016483306884766,1,17,6
1774627440.66399,2688.102719,5.152624607086182,5.009230613708496,1,17,6
1774627440.76347,2688.202199,5.152422904968262,5.006813049316406,1,17,6
1774627440.863851,2688.30258,5.1527252197265625,5.016483306884766,1,17,6
1774627440.96336,2688.402089,5.154940605163574,5.023736000061035,1,17,6
1774627441.063566,2688.502295,5.178103446960449,5.014065742492676,1,17,6
1774627441.163406,2688.602135,5.167428493499756,5.011648178100586,1,17,6
1774627441.263589,2688.702318,5.17034912109375,5.016483306884766,1,17,6
1774627441.363388,2688.802117,5.162695407867432,5.016483306884766,1,17,6
1774627441.463542,2688.902271,5.1738739013671875,5.001977920532227,1,17,6
1774627441.563561,2689.00229,5.16813325881958,5.026153564453125,1,17,6
1774627441.6635969,2689.102326,5.162695407867432,5.001977920532227,1,17,6
1774627441.763258,2689.201987,5.181427001953125,4.997142791748047,1,17,6
1774627441.863524,2689.302253,5.169744968414307,5.0189008712768555,1,17,6
1774627441.9632769,2689.402006,5.1507110595703125,5.021318435668945,1,17,6
1774627442.063214,2689.501943,5.147085666656494,5.001977920532227,1,17,6
1774627442.163404,2689.602133,5.151012897491455,5.011648178100586,1,17,6
1774627442.2632859,2689.702015,5.1416473388671875,5.009230613708496,1,17,6
1774627442.3633199,2689.802049,5.1486968994140625,5.009230613708496,1,17,6
1774627442.4634619,2689.902191,5.152926445007324,4.997142791748047,1,17,6
1774627442.563475,2690.002204,5.140036106109619,5.0189008712768555,1,17,6
1774627442.6632988,2690.102028,5.130670070648193,5.006813049316406,1,17,6
1774627442.763463,2690.202192,5.145172119140625,5.006813049316406,1,17,6
1774627442.863467,2690.302196,5.158868312835693,4.999560356140137,1,17,6
1774627442.963408,2690.402137,5.163097858428955,5.009230613708496,1,17,6
1774627443.063437,2690.502166,5.142855644226074,5.023736000061035,1,17,6
1774627443.16359,2690.602319,5.065209865570068,5.011648178100586,1,17,6
1774627443.26319,2690.701919,5.145876884460449,5.001977920532227,1,17,6
1774627443.363209,2690.801938,5.129260063171387,5.016483306884766,1,17,6
1774627443.4634469,2690.902176,5.154135227203369,5.011648178100586,1,17,6
1774627443.563191,2691.00192,5.14597749710083,5.016483306884766,1,17,6
1774627443.663105,2691.101834,5.152825832366943,5.009230613708496,1,17,6
1774627443.7633638,2691.202093,5.131979465484619,5.030988693237305,1,17,6
1774627443.863137,2691.301866,5.129965305328369,5.021318435668945,1,17,6
1774627443.96336,2691.402089,5.145575046539307,5.016483306884766,1,17,6
1774627444.06312,2691.501849,5.135806083679199,5.001977920532227,1,17,6
1774627444.163296,2691.602025,5.128857135772705,4.994725227355957,1,17,6
1774627444.2631218,2691.701851,5.161990165710449,5.014065742492676,1,17,6
1774627444.3632998,2691.802029,5.144567966461182,5.011648178100586,1,17,6
1774627444.463237,2691.901966,5.128756523132324,5.016483306884766,1,17,6
1774627444.5633159,2692.002045,5.13792085647583,5.016483306884766,1,17,6
1774627444.6631598,2692.101889,5.1446685791015625,5.014065742492676,1,17,6
1774627444.763494,2692.202223,5.141445636749268,5.009230613708496,1,17,6
1774627444.863211,2692.30194,5.124224662780762,5.001977920532227,1,17,6
1774627444.963531,2692.40226,5.164910793304443,5.014065742492676,1,17,6
1774627445.0633678,2692.502097,5.171356201171875,5.0189008712768555,1,17,6
1774627445.16322,2692.601949,5.143862724304199,5.016483306884766,1,17,6
1774627445.2632558,2692.701985,5.142755031585693,5.011648178100586,1,17,6
1774627445.36344,2692.802169,5.1235198974609375,5.014065742492676,1,17,6
1774627445.462903,2692.901632,5.148596286773682,4.997142791748047,1,17,6
1774627445.563227,2693.001956,5.036306858062744,5.023736000061035,1,17,6
1774627445.663159,2693.101888,5.122210502624512,5.014065742492676,1,17,6
1774627445.7631578,2693.201887,5.137115478515625,5.011648178100586,1,17,6
1774627445.862891,2693.30162,5.15201997756958,5.004395484924316,1,17,6
1774627445.963216,2693.401945,5.14013671875,4.997142791748047,1,17,6
1774627446.0628688,2693.501598,5.139532566070557,5.011648178100586,1,17,6
1774627446.1631498,2693.601879,5.122210502624512,4.999560356140137,1,17,6
1774627446.263161,2693.70189,5.141546726226807,5.011648178100586,1,17,6
1774627446.36289,2693.801619,5.143560886383057,5.014065742492676,1,17,6
1774627446.462957,2693.901686,5.151919364929199,5.011648178100586,1,17,6
1774627446.563046,2694.001775,5.138323783874512,5.004395484924316,1,17,6
1774627446.662767,2694.101496,5.156854152679443,5.011648178100586,1,17,6
1774627446.763048,2694.201777,5.137417316436768,5.009230613708496,1,17,6
1774627446.862773,2694.301502,5.151315212249756,5.023736000061035,1,17,6
1774627446.9629838,2694.401713,5.1366119384765625,5.016483306884766,1,17,6
1774627447.0627708,2694.5015,5.170046806335449,5.009230613708496,1,17,6
1774627447.1629488,2694.601678,5.155041217803955,5.011648178100586,1,17,6
1774627447.2631578,2694.701887,5.144769191741943,5.009230613708496,1,17,6
1774627447.362977,2694.801706,5.159674167633057,5.0189008712768555,1,17,6
1774627447.462795,2694.901524,5.159472465515137,4.997142791748047,1,17,6
1774627447.562964,2695.001693,5.119189262390137,5.023736000061035,1,17,6
1774627447.6628819,2695.101611,5.135705471038818,5.006813049316406,1,17,6
1774627447.762994,2695.201723,5.13006591796875,5.006813049316406,1,17,6
1774627447.863172,2695.301901,5.1607818603515625,5.011648178100586,1,17,6
1774627447.962698,2695.401427,5.151214599609375,5.021318435668945,1,17,6
1774627448.063011,2695.50174,5.113247394561768,5.011648178100586,1,17,6
1774627448.1629329,2695.601662,5.157156467437744,5.006813049316406,1,17,6
1774627448.2626588,2695.701388,5.138424396514893,5.021318435668945,1,17,6
1774627448.362994,2695.801723,5.0369110107421875,5.011648178100586,1,17,6
1774627448.462939,2695.901668,5.136007785797119,5.014065742492676,1,17,6
1774627448.562644,2696.001373,5.137216091156006,5.011648178100586,1,17,6
1774627448.662874,2696.101603,5.15423583984375,5.009230613708496,1,17,6
1774627448.762842,2696.201571,5.135201930999756,5.014065742492676,1,17,6
1774627448.862612,2696.301341,5.135504245758057,5.004395484924316,1,17,6
1774627448.962836,2696.401565,5.134396076202393,5.021318435668945,1,17,6
1774627449.062886,2696.501615,5.136913776397705,5.016483306884766,1,17,6
1774627449.162519,2696.601248,5.142855644226074,5.011648178100586,1,17,6
1774627449.262815,2696.701544,5.043356418609619,5.016483306884766,1,17,6
1774627449.362882,2696.801611,5.148193359375,5.004395484924316,1,17,6
1774627449.462805,2696.901534,5.1426544189453125,5.004395484924316,1,17,6
1774627449.562777,2697.001506,5.151113986968994,5.014065742492676,1,17,6
1774627449.662819,2697.101548,5.126842975616455,5.016483306884766,1,17,6
1774627449.762717,2697.201446,5.134295463562012,5.021318435668945,1,17,6
1774627449.862547,2697.301276,5.137115478515625,5.001977920532227,1,17,6
1774627449.962779,2697.401508,5.138021945953369,5.009230613708496,1,17,6
1774627450.062717,2697.501446,5.0892791748046875,5.023736000061035,1,17,6
1774627450.162524,2697.601253,5.123217582702637,4.997142791748047,1,17,6
1774627450.262788,2697.701517,5.086559772491455,5.016483306884766,1,17,6
1774627450.362422,2697.801151,5.134497165679932,5.014065742492676,1,17,6
1774627450.462424,2697.901153,5.136813163757324,5.006813049316406,1,17,6
1774627450.5626519,2698.001381,5.101061820983887,5.0189008712768555,1,17,6
1774627450.6626759,2698.101405,5.110226154327393,5.011648178100586,1,17,6
1774627450.762665,2698.201394,5.129058837890625,5.009230613708496,1,17,6
1774627450.862786,2698.301515,5.060375690460205,4.9874725341796875,1,17,6
1774627450.9627728,2698.401502,5.102471828460693,5.011648178100586,1,17,6
1774627451.062409,2698.501138,5.112945556640625,4.997142791748047,1,17,6
1774627451.162678,2698.601407,5.107809543609619,5.001977920532227,1,17,6
1774627451.2624528,2698.701182,5.120296955108643,5.016483306884766,1,17,6
1774627451.3624449,2698.801174,5.129058837890625,5.009230613708496,1,17,6
1774627451.462393,2698.901122,5.120398044586182,5.006813049316406,1,17,6
1774627451.562571,2699.0013,5.093408107757568,5.006813049316406,1,17,6
1774627451.6625888,2699.101318,5.120196342468262,5.001977920532227,1,17,6
1774627451.762333,2699.201062,5.104989528656006,5.006813049316406,1,17,6
1774627451.8625739,2699.301303,5.097537040710449,5.011648178100586,1,17,6
1774627451.962355,2699.401084,5.1074066162109375,5.006813049316406,1,17,6
1774627452.062557,2699.501286,5.067224025726318,5.001977920532227,1,17,6
1774627452.162508,2699.601237,5.1119384765625,5.006813049316406,1,17,6
1774627452.262527,2699.701256,5.104083061218262,5.021318435668945,1,17,6
1774627452.3625178,2699.801247,5.112039089202881,5.011648178100586,1,17,6
1774627452.46256,2699.901289,5.109622001647949,5.014065742492676,1,17,6
1774627452.562398,2700.001127,5.097235202789307,4.994725227355957,1,17,6
1774627452.662287,2700.101016,5.112844944000244,5.006813049316406,1,17,6
1774627452.762521,2700.20125,5.117074489593506,5.001977920532227,1,17,6
1774627452.862278,2700.301007,5.07145357131958,5.011648178100586,1,17,6
1774627452.962197,2700.400926,5.10972261428833,5.001977920532227,1,17,6
1774627453.062451,2700.50118,5.098242282867432,5.009230613708496,1,17,6
1774627453.1621819,2700.600911,5.120296955108643,5.016483306884766,1,17,6
1774627453.26245,2700.701179,5.109823703765869,5.011648178100586,1,17,6
1774627453.362221,2700.80095,5.100155353546143,5.001977920532227,1,17,6
1774627453.462344,2700.901073,5.096228122711182,5.009230613708496,1,17,6
1774627453.562187,2701.000916,5.102270603179932,5.016483306884766,1,17,6
1774627453.6623259,2701.101055,5.093105792999268,5.009230613708496,1,17,6
1774627453.762371,2701.2011,5.104485988616943,4.989890098571777,1,17,6
1774627453.862378,2701.301107,5.108010768890381,5.001977920532227,1,17,6
1774627453.962189,2701.400918,5.098745822906494,5.006813049316406,1,17,6
1774627454.0622969,2701.501026,5.059267997741699,4.992307662963867,1,17,6
1774627454.1623669,2701.601096,5.0973358154296875,4.97780179977417,1,17,6
1774627454.262271,2701.701,5.116268634796143,5.001977920532227,1,17,6
1774627454.3623068,2701.801036,5.101263523101807,5.011648178100586,1,17,6
1774627454.462285,2701.901014,5.105593681335449,5.006813049316406,1,17,6
1774627454.56234,2702.001069,5.073568820953369,5.011648178100586,1,17,6
1774627454.662222,2702.100951,5.099752902984619,5.011648178100586,1,17,6
1774627454.76231,2702.201039,5.076891899108887,5.021318435668945,1,17,6
1774627454.8623118,2702.301041,5.090084552764893,5.004395484924316,1,17,6
1774627454.962251,2702.40098,5.094112873077393,5.011648178100586,1,17,6
1774627455.062223,2702.500952,5.108917236328125,4.994725227355957,1,17,6
1774627455.162354,2702.601083,5.085452079772949,4.994725227355957,1,17,6
1774627455.26223,2702.700959,5.093005180358887,5.004395484924316,1,17,6
1774627455.361988,2702.800717,5.074978351593018,4.992307662963867,1,17,6
1774627455.461989,2702.900718,5.093911647796631,5.004395484924316,1,17,6
1774627455.561969,2703.000698,5.0953216552734375,5.011648178100586,1,17,6
1774627455.6622128,2703.100942,5.102270603179932,5.004395484924316,1,17,6
1774627455.76197,2703.200699,5.102270603179932,5.011648178100586,1,17,6
1774627455.8619459,2703.300675,5.095019340515137,5.004395484924316,1,17,6
1774627455.962125,2703.400854,5.092904567718506,5.021318435668945,1,17,6
1774627456.061967,2703.500696,5.104586601257324,4.994725227355957,1,17,6
1774627456.162104,2703.600833,5.1053924560546875,4.997142791748047,1,17,6
1774627456.2621279,2703.700857,5.097436428070068,5.021318435668945,1,17,6
1774627456.362151,2703.80088,5.079107761383057,4.997142791748047,1,17,6
1774627456.461936,2703.900665,5.102673053741455,5.001977920532227,1,17,6
1774627456.562111,2704.00084,5.079409599304199,5.001977920532227,1,17,6
1774627456.662044,2704.100773,5.080416679382324,5.021318435668945,1,17,6
1774627456.76187,2704.200599,5.068029880523682,5.006813049316406,1,17,6
1774627456.8621159,2704.300845,5.049096584320068,5.004395484924316,1,17,6
1774627456.961874,2704.400603,5.099047660827637,4.9874725341796875,1,17,6
1774627457.062178,2704.500907,5.092401027679443,5.001977920532227,1,17,6
1774627457.162047,2704.600776,5.078805446624756,4.98263692855835,1,17,6
1774627457.26215,2704.700879,5.111535549163818,5.016483306884766,1,17,6
1774627457.362037,2704.800766,5.111032009124756,5.004395484924316,1,17,6
1774627457.462069,2704.900798,5.0993499755859375,5.016483306884766,1,17,6
1774627457.562018,2705.000747,5.094616413116455,4.992307662963867,1,17,6
1774627457.662076,2705.100805,5.116873264312744,5.006813049316406,1,17,6
1774627457.761985,2705.200714,5.107809543609619,5.011648178100586,1,17,6
1774627457.862025,2705.300754,5.053829669952393,5.014065742492676,1,17,6
1774627457.9620419,2705.400771,5.078503131866455,4.98263692855835,1,17,6
1774627458.062092,2705.500821,5.051211357116699,5.001977920532227,1,17,6
1774627458.161938,2705.600667,5.067928791046143,5.001977920532227,1,17,6
1774627458.262301,2705.70103,5.073065280914307,5.001977920532227,1,17,6
1774627458.361898,2705.800627,5.05352783203125,5.001977920532227,1,17,6
1774627458.461963,2705.900692,5.055441379547119,5.009230613708496,1,17,6
1774627458.5617049,2706.000434,5.071352958679199,5.011648178100586,1,17,6
1774627458.661872,2706.100601,5.061886310577393,5.016483306884766,1,17,6
1774627458.761661,2706.20039,5.0469818115234375,4.9874725341796875,1,17,6
1774627458.86211,2706.300839,5.0157623291015625,4.997142791748047,1,17,6
1774627458.961701,2706.40043,5.034393310546875,4.999560356140137,1,17,6
1774627459.0621579,2706.500887,5.02109956741333,4.98021936416626,1,17,6
1774627459.161887,2706.600616,5.0248260498046875,4.9705491065979,1,17,6
1774627459.261589,2706.700318,5.062591552734375,4.9874725341796875,1,17,6
1774627459.361897,2706.800626,5.048290729522705,5.001977920532227,1,17,6
1774627459.461828,2706.900557,5.012136936187744,4.999560356140137,1,17,6
1774627459.561586,2707.000315,5.0066986083984375,5.021318435668945,1,17,6
1774627459.661879,2707.100608,5.024523735046387,5.021318435668945,1,17,6
1774627459.761579,2707.200308,5.067224025726318,4.965713977813721,1,17,6
1774627459.861598,2707.300327,5.048391819000244,4.989890098571777,1,17,6
1774627459.961859,2707.400588,5.0258331298828125,5.009230613708496,1,17,6
1774627460.0614989,2707.500228,4.971249103546143,4.9681315422058105,1,17,6
1774627460.161546,2707.600275,4.927340507507324,4.9536261558532715,1,17,6
1774627460.2614799,2707.700209,4.9885711669921875,5.001977920532227,1,17,6
1774627460.361784,2707.800513,5.034393310546875,4.9874725341796875,1,17,6
1774627460.461794,2707.900523,5.022610187530518,5.001977920532227,1,17,6
1774627460.5614998,2708.000229,5.04124116897583,5.001977920532227,1,17,6
1774627460.661674,2708.100403,5.001461505889893,4.98021936416626,1,17,6
1774627460.761482,2708.200211,4.890582084655762,4.9705491065979,1,17,6
1774627460.8616889,2708.300418,4.908709526062012,4.948791027069092,1,17,6
1774627460.961638,2708.400367,4.91636323928833,4.941538333892822,1,17,6
1774627461.0616329,2708.500362,4.928549289703369,4.958461284637451,1,17,6
1774627461.1616719,2708.600401,5.0026702880859375,4.963296413421631,1,17,6
1774627461.261834,2708.700563,5.024624347686768,4.997142791748047,1,17,6
1774627461.361599,2708.800328,4.989981174468994,4.9874725341796875,1,17,6
1774627461.4616408,2708.90037,4.9664154052734375,4.98263692855835,1,17,6
1774627461.561574,2709.000303,4.9795074462890625,4.9681315422058105,1,17,6
1774627461.661298,2709.100027,4.95664644241333,4.994725227355957,1,17,6
1774627461.761473,2709.200202,4.931570529937744,4.9705491065979,1,17,6
1774627461.861387,2709.300116,4.978701591491699,4.97780179977417,1,17,6
1774627461.96137,2709.400099,4.983435153961182,5.001977920532227,1,17,6
1774627462.061297,2709.500026,4.979809284210205,4.960878849029541,1,17,6
1774627462.161583,2709.600312,4.951611042022705,4.9681315422058105,1,17,6
1774627462.261535,2709.700264,5.016870021820068,4.9874725341796875,1,17,6
1774627462.361537,2709.800266,4.988369464874268,4.9874725341796875,1,17,6
1774627462.461492,2709.900221,4.865304470062256,4.9705491065979,1,17,6
1774627462.561522,2710.000251,4.9925994873046875,4.97296667098999,1,17,6
1774627462.66148,2710.100209,4.991390705108643,4.9705491065979,1,17,6
1774627462.76155,2710.200279,4.975882053375244,4.992307662963867,1,17,6
1774627462.8611789,2710.299908,4.966213703155518,4.9681315422058105,1,17,6
1774627462.961515,2710.400244,4.971551418304443,4.97538423538208,1,17,6
1774627463.061214,2710.499943,4.9462738037109375,4.965713977813721,1,17,6
1774627463.16144,2710.600169,4.937109470367432,4.963296413421631,1,17,6
1774627463.261198,2710.699927,4.952013969421387,4.97780179977417,1,17,6
1774627463.361465,2710.800194,4.965206623077393,4.97296667098999,1,17,6
1774627463.461482,2710.900211,4.968630790710449,4.9681315422058105,1,17,6
1774627463.5614169,2711.000146,4.96490478515625,4.965713977813721,1,17,6
1774627463.6614199,2711.100149,5.06158447265625,4.97538423538208,1,17,6
1774627463.761641,2711.20037,5.03519868850708,5.001977920532227,1,17,6
1774627463.86111,2711.299839,5.012640476226807,4.989890098571777,1,17,6
1774627463.961643,2711.400372,4.955438137054443,4.9874725341796875,1,17,6
1774627464.0613399,2711.500069,4.933987140655518,4.9874725341796875,1,17,6
1774627464.161352,2711.600081,4.985952854156494,4.951208591461182,1,17,6
1774627464.26111,2711.699839,4.958157062530518,4.98263692855835,1,17,6
1774627464.361425,2711.800154,4.9588623046875,4.9874725341796875,1,17,6
1774627464.461288,2711.900017,4.868829250335693,4.97780179977417,1,17,6
1774627464.561322,2712.000051,4.959063529968262,4.98263692855835,1,17,6
1774627464.6612759,2712.100005,4.97880220413208,4.992307662963867,1,17,6
1774627464.7610478,2712.199777,4.967321872711182,4.985054969787598,1,17,6
1774627464.861322,2712.300051,4.974874973297119,4.989890098571777,1,17,6
1774627464.961299,2712.400028,4.955035209655762,4.997142791748047,1,17,6
1774627465.060958,2712.499687,4.9915924072265625,4.97296667098999,1,17,6
1774627465.16118,2712.599909,4.998742580413818,4.989890098571777,1,17,6
1774627465.260997,2712.699726,5.020294189453125,4.9874725341796875,1,17,6
1774627465.361163,2712.799892,4.984240531921387,4.97780179977417,1,17,6
1774627465.460952,2712.899681,4.99692964553833,4.97780179977417,1,17,6
1774627465.561131,2712.99986,4.972558498382568,4.97296667098999,1,17,6
1774627465.661216,2713.099945,4.999246120452881,4.951208591461182,1,17,6
1774627465.761182,2713.199911,4.987463474273682,4.98263692855835,1,17,6
1774627465.86122,2713.299949,4.9654083251953125,4.965713977813721,1,17,6
1774627465.961045,2713.399774,4.985348224639893,4.97538423538208,1,17,6
1774627466.060905,2713.499634,4.977996826171875,4.97780179977417,1,17,6
1774627466.1611059,2713.599835,4.9895782470703125,4.994725227355957,1,17,6
1774627466.261087,2713.699816,4.995520114898682,4.97780179977417,1,17,6
1774627466.360869,2713.799598,4.977694511413574,4.97296667098999,1,17,6
1774627466.46103,2713.899759,5.015862941741943,4.985054969787598,1,17,6
1774627466.560762,2713.999491,5.001461505889893,4.989890098571777,1,17,6
1774627466.661378,2714.100107,4.996325492858887,4.9874725341796875,1,17,6
1774627466.760855,2714.199584,4.976889133453369,4.97780179977417,1,17,6
1774627466.8611479,2714.299877,4.975378513336182,4.997142791748047,1,17,6
1774627466.960808,2714.399537,4.970846652984619,4.97296667098999,1,17,6
1774627467.061071,2714.4998,4.994714260101318,4.98021936416626,1,17,6
1774627467.1609108,2714.59964,4.978903293609619,4.9705491065979,1,17,6
1774627467.261061,2714.69979,4.95866060256958,4.9536261558532715,1,17,6
1774627467.360987,2714.799716,4.9664154052734375,4.9681315422058105,1,17,6
1774627467.46098,2714.899709,4.984643459320068,4.97296667098999,1,17,6
1774627467.560898,2714.999627,4.95060396194458,4.992307662963867,1,17,6
1774627467.661,2715.099729,4.918679714202881,4.98263692855835,1,17,6
1774627467.7609339,2715.199663,4.974270343780518,4.98263692855835,1,17,6
1774627467.860969,2715.299698,4.955639362335205,4.956043720245361,1,17,6
1774627467.9608738,2715.399603,5.006496906280518,4.9536261558532715,1,17,6
1774627468.060922,2715.499651,5.015862941741943,4.9705491065979,1,17,6
1774627468.160807,2715.599536,4.9966278076171875,4.98021936416626,1,17,6
1774627468.261002,2715.699731,4.974270343780518,4.98021936416626,1,17,6
1774627468.360851,2715.79958,4.966516017913818,4.9681315422058105,1,17,6
1774627468.460823,2715.899552,4.974673271179199,4.963296413421631,1,17,6
1774627468.560924,2715.999653,4.955135822296143,4.9681315422058105,1,17,6
1774627468.660866,2716.099595,4.938720703125,4.9681315422058105,1,17,6
1774627468.760764,2716.199493,4.966012477874756,4.9705491065979,1,17,6
1774627468.861095,2716.299824,5.0963287353515625,4.9874725341796875,1,17,6
1774627468.960775,2716.399504,5.0550384521484375,5.021318435668945,1,17,6
1774627469.06071,2716.499439,5.06964111328125,5.001977920532227,1,17,6
1774627469.161033,2716.599762,4.895516872406006,5.001977920532227,1,17,6
1774627469.260935,2716.699664,4.9200897216796875,4.960878849029541,1,17,6
1774627469.360695,2716.799424,4.928851127624512,4.9536261558532715,1,17,6
1774627469.460815,2716.899544,4.94254732131958,4.97780179977417,1,17,6
1774627469.560771,2716.9995,4.9543304443359375,4.98021936416626,1,17,6
1774627469.6606889,2717.099418,5.08555269241333,4.98021936416626,1,17,6
1774627469.760719,2717.199448,4.970947265625,5.004395484924316,1,17,6
1774627469.860764,2717.299493,5.033688068389893,5.006813049316406,1,17,6
1774627469.9607139,2717.399443,4.809915065765381,5.001977920532227,1,17,6
1774627470.06071,2717.499439,4.901760578155518,4.9536261558532715,1,17,6
1774627470.160651,2717.59938,5.035601615905762,4.97538423538208,1,17,6
1774627470.260423,2717.699152,5.0298614501953125,4.985054969787598,1,17,6
1774627470.360756,2717.799485,5.0258331298828125,4.999560356140137,1,17,6
1774627470.460491,2717.89922,5.024120807647705,4.985054969787598,1,17,6
1774627470.560706,2717.999435,4.904681205749512,4.992307662963867,1,17,6
1774627470.6605918,2718.099321,4.970242023468018,4.9536261558532715,1,17,6
1774627470.760458,2718.199187,4.995821952819824,4.97296667098999,1,17,6
1774627470.860605,2718.299334,4.973666191101074,4.97780179977417,1,17,6
1774627470.96066,2718.399389,4.980715751647949,4.97296667098999,1,17,6
1774627471.06058,2718.499309,4.993908405303955,4.989890098571777,1,17,6
1774627471.160605,2718.599334,4.989779472351074,4.97538423538208,1,17,6
1774627471.260365,2718.699094,4.996426105499268,4.992307662963867,1,17,6
1774627471.360872,2718.799601,4.9301605224609375,4.994725227355957,1,17,6
1774627471.460348,2718.899077,4.996426105499268,4.9705491065979,1,17,6
1774627471.560596,2718.999325,4.970544338226318,4.98021936416626,1,17,6
1774627471.6605349,2719.099264,4.967321872711182,4.948791027069092,1,17,6
1774627471.760544,2719.199273,4.964501857757568,4.97780179977417,1,17,6
1774627471.860448,2719.299177,4.979104518890381,5.001977920532227,1,17,6
1774627471.960569,2719.399298,4.986456394195557,4.963296413421631,1,17,6
1774627472.060431,2719.49916,4.98484468460083,4.997142791748047,1,17,6
1774627472.160549,2719.599278,5.006295680999756,4.97780179977417,1,17,6
1774627472.260501,2719.69923,4.970544338226318,4.989890098571777,1,17,6
1774627472.360538,2719.799267,4.987463474273682,4.9874725341796875,1,17,6
1774627472.460497,2719.899226,4.978903293609619,4.97780179977417,1,17,6
1774627472.560451,2719.99918,4.903069972991943,4.98263692855835,1,17,6
1774627472.6603289,2720.099058,4.955236911773682,4.97296667098999,1,17,6
1774627472.760381,2720.19911,4.981319904327393,4.994725227355957,1,17,6
1774627472.860391,2720.29912,4.968832492828369,4.98263692855835,1,17,6
1774627472.960419,2720.399148,4.979205131530762,4.999560356140137,1,17,6
1774627473.060329,2720.499058,4.960574150085449,4.992307662963867,1,17,6
1774627473.1602058,2720.598935,4.960574150085449,4.9705491065979,1,17,6
1774627473.260403,2720.699132,4.935699462890625,4.963296413421631,1,17,6
1774627473.360206,2720.798935,4.930261135101318,4.9874725341796875,1,17,6
1774627473.4604158,2720.899145,4.94879150390625,4.9536261558532715,1,17,6
1774627473.560091,2720.99882,4.949798583984375,4.98263692855835,1,17,6
1774627473.6601,2721.098829,4.956445217132568,4.958461284637451,1,17,6
1774627473.7603428,2721.199072,4.917672634124756,4.97780179977417,1,17,6
1774627473.860051,2721.29878,4.959164142608643,4.963296413421631,1,17,6
1774627473.960346,2721.399075,4.939526081085205,4.9536261558532715,1,17,6
1774627474.0604079,2721.499137,5.028451442718506,4.958461284637451,1,17,6
1774627474.160143,2721.598872,4.968227863311768,4.956043720245361,1,17,6
1774627474.260357,2721.699086,5.011431694030762,4.98263692855835,1,17,6
1774627474.360381,2721.79911,5.010928153991699,4.97296667098999,1,17,6
1774627474.460074,2721.898803,4.9110260009765625,4.997142791748047,1,17,6
1774627474.560265,2721.998994,4.992095947265625,4.98263692855835,1,17,6
1774627474.659936,2722.098665,5.00518798828125,4.9874725341796875,1,17,6
1774627474.760222,2722.198951,4.986456394195557,4.992307662963867,1,17,6
1774627474.859948,2722.298677,4.944863796234131,4.98263692855835,1,17,6
1774627474.960253,2722.398982,4.973867893218994,4.989890098571777,1,17,6
1774627475.0602129,2722.498942,4.9724578857421875,4.958461284637451,1,17,6
1774627475.160081,2722.59881,4.967623710632324,4.965713977813721,1,17,6
1774627475.260302,2722.699031,4.963192462921143,4.992307662963867,1,17,6
1774627475.3601909,2722.79892,4.873461723327637,4.985054969787598,1,17,6
1774627475.460204,2722.898933,4.988369464874268,4.98263692855835,1,17,6
1774627475.560098,2722.998827,4.99310302734375,4.97780179977417,1,17,6
1774627475.660205,2723.098934,4.970544338226318,4.98263692855835,1,17,6
1774627475.760078,2723.198807,4.978903293609619,4.9705491065979,1,17,6
1774627475.860157,2723.298886,4.971249103546143,4.97780179977417,1,17,6
1774627475.960113,2723.398842,4.948388576507568,4.9681315422058105,1,17,6
1774627476.060127,2723.498856,4.962487697601318,4.98263692855835,1,17,6
1774627476.160063,2723.598792,4.917471408843994,5.001977920532227,1,17,6
1774627476.260171,2723.6989,4.974069118499756,4.9681315422058105,1,17,6
1774627476.359992,2723.798721,4.9764862060546875,4.9705491065979,1,17,6
1774627476.46013,2723.898859,4.971752643585205,4.9874725341796875,1,17,6
1774627476.5600429,2723.998772,5.011431694030762,5.001977920532227,1,17,6
1774627476.660064,2724.098793,4.971652030944824,4.992307662963867,1,17,6
1774627476.760002,2724.198731,4.9140472412109375,4.992307662963867,1,17,6
1774627476.8603299,2724.299059,4.929455280303955,4.9681315422058105,1,17,6
1774627476.959811,2724.39854,5.013345241546631,4.963296413421631,1,17,6
1774627477.060349,2724.499078,5.0197906494140625,5.009230613708496,1,17,6
1774627477.159996,2724.598725,5.015963554382324,4.9874725341796875,1,17,6
1774627477.260051,2724.69878,4.948086261749268,4.985054969787598,1,17,6
1774627477.360034,2724.798763,4.972659111022949,4.9536261558532715,1,17,6
1774627477.459969,2724.898698,4.96470308303833,4.9705491065979,1,17,6
1774627477.559685,2724.998414,4.975378513336182,4.965713977813721,1,17,6
1774627477.659888,2725.098617,4.99088716506958,4.98263692855835,1,17,6
1774627477.759747,2725.198476,4.972256183624268,4.9874725341796875,1,17,6
1774627477.859962,2725.298691,4.978701591491699,4.985054969787598,1,17,6
1774627477.959698,2725.398427,4.959063529968262,4.965713977813721,1,17,6
1774627478.0598938,2725.498623,4.807196140289307,4.965713977813721,1,17,6
1774627478.159985,2725.598714,4.787759304046631,4.934285640716553,1,17,6
1774627478.259958,2725.698687,4.865304470062256,4.948791027069092,1,17,6
1774627478.359881,2725.79861,5.052117824554443,4.936703205108643,1,17,6
1774627478.459607,2725.898336,4.9749755859375,5.004395484924316,1,17,6
1774627478.559818,2725.998547,5.037112236022949,5.011648178100586,1,17,6
1774627478.659563,2726.098292,4.9231109619140625,5.006813049316406,1,17,6
1774627478.76001,2726.198739,4.934390068054199,4.963296413421631,1,17,6
1774627478.859604,2726.298333,5.024020195007324,4.98263692855835,1,17,6
1774627478.95979,2726.398519,4.994009494781494,4.992307662963867,1,17,6
1774627479.059565,2726.498294,5.0077056884765625,4.98263692855835,1,17,6
1774627479.1598,2726.598529,4.924822807312012,4.98021936416626,1,17,6
1774627479.2596169,2726.698346,4.961178302764893,4.997142791748047,1,17,6
1774627479.3597999,2726.798529,4.954028129577637,4.992307662963867,1,17,6
1774627479.459559,2726.898288,4.987463474273682,4.97296667098999,1,17,6
1774627479.5597498,2726.998479,5.007806301116943,4.97296667098999,1,17,6
1774627479.6597679,2727.098497,4.993908405303955,4.97780179977417,1,17,6
1774627479.759831,2727.19856,4.9069976806640625,4.9874725341796875,1,17,6
1774627479.859494,2727.298223,4.984139919281006,4.9874725341796875,1,17,6
1774627479.959724,2727.398453,4.965307712554932,4.98263692855835,1,17,6
1774627480.059638,2727.498367,4.980212211608887,5.004395484924316,1,17,6
1774627480.159874,2727.598603,4.981622219085693,4.9874725341796875,1,17,6
1774627480.259682,2727.698411,4.949596881866455,4.989890098571777,1,17,6
1774627480.359709,2727.798438,4.921197414398193,4.97780179977417,1,17,6
1774627480.4597108,2727.89844,4.936907768249512,4.98263692855835,1,17,6
1774627480.559653,2727.998382,4.933282375335693,4.98263692855835,1,17,6
1774627480.6594129,2728.098142,4.940936088562012,4.9681315422058105,1,17,6
1774627480.759738,2728.198467,4.940130710601807,4.98263692855835,1,17,6
1774627480.859351,2728.29808,4.932577610015869,4.9705491065979,1,17,6
1774627480.959625,2728.398354,4.92441987991333,4.98263692855835,1,17,6
1774627481.0594308,2728.49816,4.924017429351807,4.9536261558532715,1,17,6
1774627481.159585,2728.598314,4.930261135101318,4.985054969787598,1,17,6
1774627481.2596428,2728.698372,4.907299518585205,4.992307662963867,1,17,6
1774627481.3596609,2728.79839,4.925024509429932,4.9705491065979,1,17,6
1774627481.4595718,2728.898301,4.962991237640381,4.951208591461182,1,17,6
1774627481.559579,2728.998308,4.923715114593506,4.965713977813721,1,17,6
1774627481.6594949,2729.098224,4.954934597015381,4.9874725341796875,1,17,6
1774627481.7595499,2729.198279,4.907601833343506,4.97538423538208,1,17,6
1774627481.859422,2729.298151,4.9402313232421875,4.963296413421631,1,17,6
1774627481.9598858,2729.398615,4.953927516937256,4.97780179977417,1,17,6
1774627482.059476,2729.498205,4.94476318359375,4.97296667098999,1,17,6
1774627482.159491,2729.59822,4.915859699249268,4.958461284637451,1,17,6
1774627482.259691,2729.69842,4.858355522155762,4.960878849029541,1,17,6
1774627482.359504,2729.798233,4.867620944976807,4.948791027069092,1,17,6
1774627482.459363,2729.898092,4.8989410400390625,4.9681315422058105,1,17,6
1774627482.55951,2729.998239,4.790780544281006,4.9681315422058105,1,17,6
1774627482.65945,2730.098179,4.895416259765625,4.97296667098999,1,17,6
1774627482.759219,2730.197948,4.968227863311768,4.97780179977417,1,17,6
1774627482.859443,2730.298172,4.941842555999756,4.97296667098999,1,17,6
1774627482.959259,2730.397988,4.938015460968018,4.97538423538208,1,17,6
1774627483.059408,2730.498137,4.94476318359375,4.958461284637451,1,17,6
1774627483.159437,2730.598166,4.92240571975708,4.992307662963867,1,17,6
1774627483.2591019,2730.697831,4.919384479522705,4.9536261558532715,1,17,6
1774627483.359408,2730.798137,4.922708034515381,4.9705491065979,1,17,6
1774627483.4591079,2730.897837,4.943957328796387,4.97538423538208,1,17,6
1774627483.5590498,2730.997779,4.919888019561768,4.963296413421631,1,17,6
1774627483.659395,2731.098124,4.958559989929199,4.97296667098999,1,17,6
1774627483.759112,2731.197841,4.931972980499268,4.98021936416626,1,17,6
1774627483.859133,2731.297862,4.966213703155518,4.960878849029541,1,17,6
1774627483.95944,2731.398169,4.974673271179199,4.9874725341796875,1,17,6
1774627484.059071,2731.4978,4.991491794586182,4.989890098571777,1,17,6
1774627484.1592638,2731.597993,4.976083278656006,4.9874725341796875,1,17,6
1774627484.259063,2731.697792,4.95281982421875,4.985054969787598,1,17,6
1774627484.359232,2731.797961,4.977694511413574,4.97780179977417,1,17,6
1774627484.459308,2731.898037,4.883532524108887,4.9705491065979,1,17,6
1774627484.5592399,2731.997969,4.835897922515869,4.963296413421631,1,17,6
1774627484.659226,2732.097955,4.916464328765869,4.98021936416626,1,17,6
1774627484.75944,2732.198169,4.918880939483643,4.992307662963867,1,17,6
1774627484.859258,2732.297987,4.953524589538574,4.958461284637451,1,17,6
1774627484.959137,2732.397866,4.916162014007568,4.98263692855835,1,17,6
1774627485.059484,2732.498213,4.917773246765137,4.963296413421631,1,17,6
1774627485.15916,2732.597889,4.919686794281006,4.98263692855835,1,17,6
1774627485.2592208,2732.69795,4.918679714202881,4.9705491065979,1,17,6
1774627485.359159,2732.797888,4.862585544586182,4.97780179977417,1,17,6
1774627485.459475,2732.898204,4.911327838897705,4.963296413421631,1,17,6
1774627485.559108,2732.997837,4.9331817626953125,4.97780179977417,1,17,6
1774627485.659199,2733.097928,4.945669651031494,4.985054969787598,1,17,6
1774627485.7591178,2733.197847,4.877087116241455,4.97296667098999,1,17,6
1774627485.8591568,2733.297886,4.923715114593506,4.956043720245361,1,17,6
1774627485.95907,2733.397799,4.91032075881958,4.9874725341796875,1,17,6
1774627486.059108,2733.497837,4.924017429351807,4.9681315422058105,1,17,6
1774627486.159003,2733.597732,4.963998317718506,4.989890098571777,1,17,6
1774627486.259192,2733.697921,5.00921630859375,4.997142791748047,1,17,6
1774627486.35906,2733.797789,5.014654636383057,4.9874725341796875,1,17,6
1774627486.4590878,2733.897817,5.016165256500244,4.992307662963867,1,17,6
1774627486.559092,2733.997821,4.928851127624512,4.992307662963867,1,17,6
1774627486.659317,2734.098046,4.959063529968262,4.9874725341796875,1,17,6
1774627486.7588089,2734.197538,4.942849636077881,4.992307662963867,1,17,6
1774627486.859117,2734.297846,4.933282375335693,4.9874725341796875,1,17,6
1774627486.958828,2734.397557,4.96067476272583,4.985054969787598,1,17,6
1774627487.059002,2734.497731,4.976284503936768,4.98021936416626,1,17,6
1774627487.159029,2734.597758,4.987161159515381,4.97780179977417,1,17,6
1774627487.2590249,2734.697754,4.993203639984131,4.992307662963867,1,17,6
1774627487.359015,2734.797744,4.904781818389893,4.992307662963867,1,17,6
1774627487.459018,2734.897747,4.852313041687012,4.963296413421631,1,17,6
1774627487.5589368,2734.997666,4.865304470062256,4.985054969787598,1,17,6
1774627487.658709,2735.097438,4.858959674835205,4.965713977813721,1,17,6
1774627487.758981,2735.19771,4.865103244781494,4.965713977813721,1,17,6
1774627487.858695,2735.297424,4.945367336273193,4.958461284637451,1,17,6
1774627487.958947,2735.397676,4.908407688140869,4.997142791748047,1,17,6
1774627488.058905,2735.497634,4.908810138702393,4.9705491065979,1,17,6
1774627488.158597,2735.597326,4.931066989898682,4.97296667098999,1,17,6
1774627488.2586489,2735.697378,4.915457248687744,4.97780179977417,1,17,6
1774627488.35863,2735.797359,4.917672634124756,4.9705491065979,1,17,6
1774627488.45886,2735.897589,4.951611042022705,4.992307662963867,1,17,6
1774627488.558575,2735.997304,4.886251926422119,4.97538423538208,1,17,6
1774627488.658773,2736.097502,5.0152587890625,4.97538423538208,1,17,6
1774627488.75897,2736.197699,4.994009494781494,5.011648178100586,1,17,6
1774627488.8587859,2736.297515,5.005993366241455,4.98263692855835,1,17,6
1774627488.958852,2736.397581,4.98907470703125,4.989890098571777,1,17,6
1774627489.0587668,2736.497496,4.9452667236328125,4.97538423538208,1,17,6
1774627489.1588469,2736.597576,4.974673271179199,4.989890098571777,1,17,6
1774627489.258746,2736.697475,4.979608058929443,4.98263692855835,1,17,6
1774627489.3588479,2736.797577,4.828344821929932,4.9874725341796875,1,17,6
1774627489.4588099,2736.897539,4.943050861358643,4.994725227355957,1,17,6
1774627489.558774,2736.997503,4.969940185546875,4.97296667098999,1,17,6
1774627489.6587129,2737.097442,4.996224880218506,4.992307662963867,1,17,6
1774627489.758847,2737.197576,4.990182399749756,4.9705491065979,1,17,6
1774627489.858661,2737.29739,4.979305744171143,4.994725227355957,1,17,6
1774627489.958819,2737.397548,4.976687431335449,4.989890098571777,1,17,6
1774627490.058912,2737.497641,4.981722831726074,4.97780179977417,1,17,6
1774627490.158742,2737.597471,4.91253662109375,4.997142791748047,1,17,6
1774627490.2586799,2737.697409,4.905285358428955,4.97780179977417,1,17,6
1774627490.358703,2737.797432,4.929455280303955,4.960878849029541,1,17,6
1774627490.458478,2737.897207,4.944057941436768,4.98263692855835,1,17,6
1774627490.558654,2737.997383,4.93247652053833,4.97296667098999,1,17,6
1774627490.658378,2738.097107,4.939627170562744,4.97780179977417,1,17,6
1774627490.758689,2738.197418,4.947482109069824,4.989890098571777,1,17,6
1774627490.85868,2738.297409,4.906695365905762,4.963296413421631,1,17,6
1774627490.958646,2738.397375,4.913644313812256,4.97780179977417,1,17,6
1774627491.058526,2738.497255,4.862082004547119,4.965713977813721,1,17,6
1774627491.158558,2738.597287,4.85996675491333,4.941538333892822,1,17,6
1774627491.258586,2738.697315,4.858557224273682,4.948791027069092,1,17,6
1774627491.3583848,2738.797114,4.747576713562012,4.939120769500732,1,17,6
1774627491.458529,2738.897258,4.876482963562012,4.958461284637451,1,17,6
1774627491.55833,2738.997059,4.950503349304199,4.963296413421631,1,17,6
1774627491.658356,2739.097085,4.958962917327881,4.97780179977417,1,17,6
1774627491.758506,2739.197235,4.969940185546875,4.985054969787598,1,17,6
1774627491.858546,2739.297275,4.956445217132568,4.97780179977417,1,17,6
1774627491.958251,2739.39698,4.9049835205078125,4.98021936416626,1,17,6
1774627492.058539,2739.497268,4.889977931976318,4.97780179977417,1,17,6
1774627492.15823,2739.596959,4.915859699249268,4.963296413421631,1,17,6
1774627492.258292,2739.697021,4.987664699554443,4.999560356140137,1,17,6
1774627492.358279,2739.797008,4.965106010437012,4.9874725341796875,1,17,6
1774627492.45848,2739.897209,4.971954345703125,4.992307662963867,1,17,6
1774627492.558259,2739.996988,4.960070610046387,4.997142791748047,1,17,6
1774627492.658504,2740.097233,4.987362384796143,4.97780179977417,1,17,6
1774627492.758475,2740.197204,4.975176811218262,4.97296667098999,1,17,6
1774627492.858218,2740.296947,4.956545829772949,4.97780179977417,1,17,6
1774627492.958735,2740.397464,4.9281463623046875,4.97296667098999,1,17,6
1774627493.058405,2740.497134,4.949697971343994,4.965713977813721,1,17,6
1774627493.1583369,2740.597066,4.869936943054199,4.9874725341796875,1,17,6
1774627493.258468,2740.697197,4.918880939483643,4.951208591461182,1,17,6
1774627493.358394,2740.797123,4.798333644866943,4.97780179977417,1,17,6
1774627493.458281,2740.89701,4.921902179718018,4.97780179977417,1,17,6
1774627493.558172,2740.996901,4.910824298858643,4.965713977813721,1,17,6
1774627493.658326,2741.097055,4.8848419189453125,4.960878849029541,1,17,6
1774627493.758105,2741.196834,4.888970851898193,4.963296413421631,1,17,6
1774627493.85836,2741.297089,4.830056667327881,4.989890098571777,1,17,6
1774627493.95831,2741.397039,4.806692600250244,4.9681315422058105,1,17,6
1774627494.058299,2741.497028,4.858254909515381,4.97538423538208,1,17,6
1774627494.158118,2741.596847,4.837710380554199,4.98263692855835,1,17,6
1774627494.25857,2741.697299,4.840631008148193,4.97780179977417,1,17,6
1774627494.358283,2741.797012,4.912436008453369,4.9705491065979,1,17,6
1774627494.4583929,2741.897122,4.948992729187012,4.948791027069092,1,17,6
1774627494.558354,2741.997083,4.960574150085449,4.97296667098999,1,17,6
1774627494.658283,2742.097012,4.941842555999756,4.9681315422058105,1,17,6
1774627494.758009,2742.196738,4.966314792633057,4.98021936416626,1,17,6
1774627494.858217,2742.296946,4.9795074462890625,4.9874725341796875,1,17,6
1774627494.9582338,2742.396963,4.961178302764893,4.98263692855835,1,17,6
1774627495.0580199,2742.496749,4.953927516937256,4.9681315422058105,1,17,6
1774627495.158268,2742.596997,4.945669651031494,4.992307662963867,1,17,6
1774627495.258219,2742.696948,4.95463228225708,4.97780179977417,1,17,6
1774627495.3579829,2742.796712,4.957955837249756,4.994725227355957,1,17,6
1774627495.458266,2742.896995,4.8818206787109375,4.9681315422058105,1,17,6
1774627495.557883,2742.996612,4.910421848297119,4.9536261558532715,1,17,6
1774627495.657886,2743.096615,4.895617485046387,4.97296667098999,1,17,6
1774627495.757844,2743.196573,4.908709526062012,4.963296413421631,1,17,6
1774627495.858137,2743.296866,4.884539604187012,4.97296667098999,1,17,6
1774627495.9578478,2743.396577,4.908407688140869,4.97296667098999,1,17,6
1774627496.058156,2743.496885,4.898336887359619,4.9705491065979,1,17,6
1774627496.158108,2743.596837,4.904177665710449,4.9681315422058105,1,17,6
1774627496.258142,2743.696871,4.876181125640869,4.956043720245361,1,17,6
1774627496.3580549,2743.796784,4.828143119812012,4.98021936416626,1,17,6
1774627496.458162,2743.896891,4.830963134765625,4.948791027069092,1,17,6
1774627496.558095,2743.996824,4.835192680358887,4.948791027069092,1,17,6
1774627496.658026,2744.096755,4.864398002624512,4.9536261558532715,1,17,6
1774627496.758075,2744.196804,4.893301486968994,4.9681315422058105,1,17,6
1774627496.857967,2744.296696,4.907702445983887,4.963296413421631,1,17,6
1774627496.958086,2744.396815,4.878597736358643,4.992307662963867,1,17,6
1774627497.058034,2744.496763,4.898840427398682,4.97296667098999,1,17,6
1774627497.1579309,2744.59666,4.889575004577637,4.98263692855835,1,17,6
1774627497.257823,2744.696552,4.879907131195068,4.98021936416626,1,17,6
1774627497.35813,2744.796859,4.910421848297119,4.9681315422058105,1,17,6
1774627497.458023,2744.896752,4.885647296905518,4.98263692855835,1,17,6
1774627497.5578198,2744.996549,4.92441987991333,4.98021936416626,1,17,6
1774627497.658021,2745.09675,4.926535129547119,4.97780179977417,1,17,6
1774627497.757709,2745.196438,4.907198905944824,4.97296667098999,1,17,6
1774627497.857914,2745.296643,4.9105224609375,4.97296667098999,1,17,6
1774627497.957641,2745.39637,4.901055812835693,4.9705491065979,1,17,6
1774627498.05794,2745.496669,4.9100189208984375,4.963296413421631,1,17,6
1774627498.157711,2745.59644,4.9059906005859375,4.97538423538208,1,17,6
1774627498.2579029,2745.696632,4.89642333984375,4.98021936416626,1,17,6
1774627498.358003,2745.796732,4.911730766296387,4.97296667098999,1,17,6
1774627498.45768,2745.896409,4.9281463623046875,4.98263692855835,1,17,6
1774627498.557971,2745.9967,4.919283866882324,4.97780179977417,1,17,6
1774627498.657606,2746.096335,4.820690631866455,4.98021936416626,1,17,6
1774627498.757901,2746.19663,4.902163505554199,4.97780179977417,1,17,6
1774627498.8576589,2746.296388,4.895819187164307,4.97538423538208,1,17,6
1774627498.957862,2746.396591,4.899343967437744,4.958461284637451,1,17,6
1774627499.057905,2746.496634,4.8848419189453125,4.956043720245361,1,17,6
1774627499.157893,2746.596622,4.915557861328125,4.9681315422058105,1,17,6
1774627499.257907,2746.696636,4.966012477874756,4.9681315422058105,1,17,6
1774627499.357938,2746.796667,4.964199542999268,4.97780179977417,1,17,6
1774627499.4577549,2746.896484,4.8657073974609375,4.98263692855835,1,17,6
1774627499.5578,2746.996529,4.970644950866699,5.001977920532227,1,17,6
1774627499.657696,2747.096425,4.968328952789307,4.98263692855835,1,17,6
1774627499.757592,2747.196321,4.959869384765625,4.9874725341796875,1,17,6
1774627499.8577719,2747.296501,4.869836330413818,4.985054969787598,1,17,6
1774627499.958231,2747.39696,4.902667045593262,4.98263692855835,1,17,6
1774627500.057541,2747.49627,4.90830659866333,4.97296667098999,1,17,6
1774627500.1577349,2747.596464,4.915557861328125,4.9681315422058105,1,17,6
1774627500.257868,2747.696597,4.901055812835693,4.9536261558532715,1,17,6
1774627500.357594,2747.796323,4.905084133148193,4.963296413421631,1,17,6
1774627500.457416,2747.896145,4.922808647155762,4.97296667098999,1,17,6
1774627500.557705,2747.996434,5.04345703125,4.9705491065979,1,17,6
1774627500.657398,2748.096127,5.016970634460449,5.011648178100586,1,17,6
1774627500.7574089,2748.196138,5.016567707061768,5.009230613708496,1,17,6
1774627500.857718,2748.296447,5.018682956695557,4.994725227355957,1,17,6
1774627500.957596,2748.396325,4.995520114898682,4.97538423538208,1,17,6
1774627501.0574648,2748.496194,4.925729274749756,4.992307662963867,1,17,6
1774627501.157625,2748.596354,4.927944660186768,4.9705491065979,1,17,6
1774627501.257479,2748.696208,4.892797946929932,4.963296413421631,1,17,6
1774627501.3576539,2748.796383,4.913341999053955,4.97296667098999,1,17,6
1774627501.457515,2748.896244,4.790478229522705,4.9874725341796875,1,17,6
1774627501.557546,2748.996275,4.889373779296875,4.9874725341796875,1,17,6
1774627501.65728,2749.096009,4.935296535491943,4.992307662963867,1,17,6
1774627501.757535,2749.196264,4.908810138702393,4.965713977813721,1,17,6
1774627501.857343,2749.296072,4.905184745788574,4.9705491065979,1,17,6
1774627501.957897,2749.396626,4.921298027038574,4.9705491065979,1,17,6
1774627502.057291,2749.49602,4.903271198272705,4.97780179977417,1,17,6
1774627502.1575449,2749.596274,4.906897068023682,4.98263692855835,1,17,6
1774627502.257362,2749.696091,4.847076416015625,4.97296667098999,1,17,6
1774627502.357503,2749.796232,4.909716606140137,4.97538423538208,1,17,6
1774627502.4577138,2749.896443,4.89823579788208,4.985054969787598,1,17,6
1774627502.557446,2749.996175,4.913241386413574,4.956043720245361,1,17,6
1774627502.6574988,2750.096228,4.927239894866943,4.97538423538208,1,17,6
1774627502.757532,2750.196261,4.920492649078369,4.9874725341796875,1,17,6
1774627502.857461,2750.29619,4.913644313812256,4.98263692855835,1,17,6
1774627502.957368,2750.396097,4.9221038818359375,4.9874725341796875,1,17,6
1774627503.057468,2750.496197,4.917169094085693,4.9681315422058105,1,17,6
1774627503.1572309,2750.59596,4.916766166687012,4.97296667098999,1,17,6
1774627503.25747,2750.696199,4.994411945343018,4.97538423538208,1,17,6
1774627503.357455,2750.796184,4.964300632476807,5.001977920532227,1,17,6
1774627503.457598,2750.896327,4.925326347351074,5.001977920532227,1,17,6
1774627503.5572019,2750.995931,4.92059326171875,4.97296667098999,1,17,6
1774627503.6574,2751.096129,4.907299518585205,4.9536261558532715,1,17,6
1774627503.757298,2751.196027,4.90427827835083,4.9705491065979,1,17,6
1774627503.857424,2751.296153,4.8798065185546875,4.9536261558532715,1,17,6
1774627503.957532,2751.396261,4.853823661804199,4.97780179977417,1,17,6
1774627504.057309,2751.496038,4.819482326507568,4.956043720245361,1,17,6
1774627504.157137,2751.595866,4.836803913116455,4.965713977813721,1,17,6
1774627504.257624,2751.696353,4.864398002624512,4.9536261558532715,1,17,6
1774627504.357027,2751.795756,4.861276149749756,4.97780179977417,1,17,6
1774627504.457604,2751.896333,4.826632499694824,4.9536261558532715,1,17,6
1774627504.557044,2751.995773,4.878497123718262,4.960878849029541,1,17,6
1774627504.657314,2752.096043,4.919787406921387,4.9705491065979,1,17,6
1774627504.757112,2752.195841,4.873663425445557,4.9874725341796875,1,17,6
1774627504.85726,2752.295989,4.863290309906006,4.958461284637451,1,17,6
1774627504.957459,2752.396188,4.869936943054199,4.98263692855835,1,17,6
1774627505.057312,2752.496041,4.881014823913574,4.871428489685059,1,17,6
1774627505.157271,2752.596,4.885546684265137,4.963296413421631,1,17,6
1774627505.257279,2752.696008,4.866412162780762,4.97538423538208,1,17,6
1774627505.357207,2752.795936,4.857247829437256,4.98021936416626,1,17,6
1774627505.457375,2752.896104,4.863290309906006,4.958461284637451,1,17,6
1774627505.557396,2752.996125,4.8536224365234375,4.9681315422058105,1,17,6
1774627505.656941,2753.09567,4.839926242828369,4.9536261558532715,1,17,6
1774627505.757207,2753.195936,4.811526298522949,4.9681315422058105,1,17,6
1774627505.857249,2753.295978,4.913543701171875,4.9681315422058105,1,17,6
1774627505.957063,2753.395792,4.921801567077637,4.98263692855835,1,17,6
1774627506.056961,2753.49569,4.909515380859375,4.97780179977417,1,17,6
1774627506.15715,2753.595879,4.925628662109375,4.97780179977417,1,17,6
1774627506.256937,2753.695666,4.878497123718262,4.9681315422058105,1,17,6
1774627506.357143,2753.795872,4.906393527984619,4.948791027069092,1,17,6
1774627506.457262,2753.895991,4.91434907913208,4.9705491065979,1,17,6
1774627506.55711,2753.995839,4.890481472015381,4.985054969787598,1,17,6
1774627506.657104,2754.095833,4.89622163772583,4.9681315422058105,1,17,6
1774627506.75716,2754.195889,4.885345458984375,4.985054969787598,1,17,6
1774627506.856907,2754.295636,4.906091213226318,4.956043720245361,1,17,6
1774627506.957037,2754.395766,4.874569416046143,4.9536261558532715,1,17,6
1774627507.057044,2754.495773,4.896826267242432,4.958461284637451,1,17,6
1774627507.1570768,2754.595806,4.92059326171875,4.958461284637451,1,17,6
1774627507.2569659,2754.695695,4.920693874359131,4.97780179977417,1,17,6
1774627507.357013,2754.795742,4.901156425476074,4.965713977813721,1,17,6
1774627507.457082,2754.895811,4.896523952484131,4.98263692855835,1,17,6
1774627507.556989,2754.995718,4.896523952484131,4.9705491065979,1,17,6
1774627507.6569629,2755.095692,4.897128105163574,4.963296413421631,1,17,6
1774627507.756967,2755.195696,4.892092704772949,4.9681315422058105,1,17,6
1774627507.857136,2755.295865,4.895315647125244,4.958461284637451,1,17,6
1774627507.957123,2755.395852,4.895416259765625,4.97780179977417,1,17,6
1774627508.056784,2755.495513,4.892999172210693,4.97780179977417,1,17,6
1774627508.157191,2755.59592,4.892092704772949,4.9681315422058105,1,17,6
1774627508.256815,2755.695544,4.904580593109131,4.97780179977417,1,17,6
1774627508.356873,2755.795602,4.868124485015869,4.97780179977417,1,17,6
1774627508.457228,2755.895957,4.880209445953369,4.958461284637451,1,17,6
1774627508.556901,2755.99563,4.884539604187012,4.9705491065979,1,17,6
1774627508.656885,2756.095614,4.909414768218994,4.9705491065979,1,17,6
1774627508.756882,2756.195611,4.8969268798828125,4.97780179977417,1,17,6
1774627508.856637,2756.295366,4.908205986022949,4.97296667098999,1,17,6
1774627508.957046,2756.395775,4.904781818389893,4.98021936416626,1,17,6
1774627509.056494,2756.495223,4.899746417999268,4.97780179977417,1,17,6
1774627509.1565619,2756.595291,4.882626056671143,4.98021936416626,1,17,6
1774627509.256828,2756.695557,4.876382350921631,4.9536261558532715,1,17,6
1774627509.356524,2756.795253,4.903372287750244,4.9705491065979,1,17,6
1774627509.456723,2756.895452,4.890985012054443,4.963296413421631,1,17,6
1774627509.556603,2756.995332,4.8989410400390625,4.9705491065979,1,17,6
1774627509.656748,2757.095477,4.909313678741455,4.963296413421631,1,17,6
1774627509.756551,2757.19528,5.0479888916015625,4.97296667098999,1,17,6
1774627509.856581,2757.29531,4.9805145263671875,4.989890098571777,1,17,6
1774627509.956831,2757.39556,4.962084770202637,4.997142791748047,1,17,6
1774627510.05649,2757.495219,4.9039764404296875,4.97780179977417,1,17,6
1774627510.156664,2757.595393,4.80759859085083,4.960878849029541,1,17,6
1774627510.256443,2757.695172,4.864498615264893,4.958461284637451,1,17,6
1774627510.356916,2757.795645,4.825524806976318,4.948791027069092,1,17,6
1774627510.456519,2757.895248,4.996829032897949,4.97296667098999,1,17,6
1774627510.5565488,2757.995278,4.983736991882324,4.997142791748047,1,17,6
1774627510.656739,2758.095468,4.916866779327393,4.9874725341796875,1,17,6
1774627510.756597,2758.195326,4.948892116546631,4.956043720245361,1,17,6
1774627510.8566558,2758.295385,4.889776706695557,4.98263692855835,1,17,6
1774627510.95655,2758.395279,4.821798801422119,4.97780179977417,1,17,6
1774627511.056577,2758.495306,4.860369682312012,4.97296667098999,1,17,6
1774627511.15638,2758.595109,4.908608913421631,4.9705491065979,1,17,6
1774627511.256788,2758.695517,4.878597736358643,4.97296667098999,1,17,6
1774627511.356261,2758.79499,4.874670505523682,4.951208591461182,1,17,6
1774627511.456804,2758.895533,4.802462577819824,4.97296667098999,1,17,6
1774627511.5563478,2758.995077,4.883028984069824,4.9536261558532715,1,17,6
1774627511.656267,2759.094996,4.89017915725708,4.965713977813721,1,17,6
1774627511.7565749,2759.195304,4.8898773193359375,4.963296413421631,1,17,6
1774627511.856314,2759.295043,4.903372287750244,4.9705491065979,1,17,6
1774627511.956481,2759.39521,4.959969997406006,4.963296413421631,1,17,6
1774627512.056515,2759.495244,4.962890625,4.999560356140137,1,17,6
1774627512.1562579,2759.594987,4.954531669616699,4.9705491065979,1,17,6
1774627512.2563229,2759.695052,4.950906276702881,4.98021936416626,1,17,6
1774627512.356253,2759.794982,4.926031589508057,4.989890098571777,1,17,6
1774627512.456661,2759.89539,4.944360256195068,4.97780179977417,1,17,6
1774627512.556159,2759.994888,4.932275295257568,4.958461284637451,1,17,6
1774627512.656447,2760.095176,4.942346096038818,4.97296667098999,1,17,6
1774627512.7567608,2760.19549,4.94053316116333,4.985054969787598,1,17,6
1774627512.85619,2760.294919,4.9341888427734375,4.9705491065979,1,17,6
1774627512.9565609,2760.39529,4.947784423828125,4.985054969787598,1,17,6
1774627513.056614,2760.495343,4.949093341827393,4.963296413421631,1,17,6
1774627513.156182,2760.594911,4.939828395843506,4.97296667098999,1,17,6
1774627513.256397,2760.695126,4.938418388366699,4.985054969787598,1,17,6
1774627513.356371,2760.7951,4.941036701202393,4.9705491065979,1,17,6
1774627513.456325,2760.895054,4.826934814453125,4.98021936416626,1,17,6
1774627513.556371,2760.9951,4.914953708648682,4.9705491065979,1,17,6
1774627513.656297,2761.095026,4.876885890960693,4.97780179977417,1,17,6
1774627513.756121,2761.19485,4.871548175811768,4.97780179977417,1,17,6
1774627513.8563108,2761.29504,4.876482963562012,4.965713977813721,1,17,6
1774627513.956469,2761.395198,4.8939056396484375,4.97780179977417,1,17,6
1774627514.056267,2761.494996,4.883431911468506,4.98263692855835,1,17,6
1774627514.156036,2761.594765,4.871346950531006,4.97296667098999,1,17,6
1774627514.256196,2761.694925,4.980413913726807,4.97296667098999,1,17,6
1774627514.356334,2761.795063,4.940634250640869,4.9874725341796875,1,17,6
1774627514.456225,2761.894954,4.953423976898193,4.965713977813721,1,17,6
1774627514.5564759,2761.995205,4.944159030914307,4.985054969787598,1,17,6
1774627514.656069,2762.094798,4.923312187194824,4.989890098571777,1,17,6
1774627514.756259,2762.194988,4.949395656585693,4.997142791748047,1,17,6
1774627514.855982,2762.294711,4.946173191070557,4.992307662963867,1,17,6
1774627514.956155,2762.394884,4.907501220703125,4.989890098571777,1,17,6
1774627515.055906,2762.494635,4.866815090179443,4.992307662963867,1,17,6
1774627515.156206,2762.594935,4.882928371429443,4.97296667098999,1,17,6
1774627515.256245,2762.694974,4.896725177764893,4.97296667098999,1,17,6
1774627515.3559759,2762.794705,4.881921291351318,4.97296667098999,1,17,6
1774627515.456367,2762.895096,4.7655029296875,4.98263692855835,1,17,6
1774627515.555923,2762.994652,4.89642333984375,4.98263692855835,1,17,6
1774627515.656146,2763.094875,4.885446071624756,4.951208591461182,1,17,6
1774627515.755905,2763.194634,4.889172077178955,4.965713977813721,1,17,6
1774627515.8560839,2763.294813,4.897128105163574,4.98021936416626,1,17,6
1774627515.956079,2763.394808,4.905487060546875,4.956043720245361,1,17,6
1774627516.056059,2763.494788,4.882021903991699,4.97296667098999,1,17,6
1774627516.1561399,2763.594869,4.876885890960693,4.97538423538208,1,17,6
1774627516.256084,2763.694813,4.776782035827637,4.98263692855835,1,17,6
1774627516.356121,2763.79485,4.881720066070557,4.98263692855835,1,17,6
1774627516.456146,2763.894875,4.97900390625,4.97780179977417,1,17,6
1774627516.555829,2763.994558,4.940029621124268,4.985054969787598,1,17,6
1774627516.655938,2764.094667,4.963494777679443,4.97780179977417,1,17,6
1774627516.7560909,2764.19482,4.947985649108887,4.97780179977417,1,17,6
1774627516.8560169,2764.294746,4.931570529937744,4.895604133605957,1,17,6
1774627516.9562109,2764.39494,4.933785915374756,4.999560356140137,1,17,6
1774627517.055932,2764.494661,4.941339015960693,4.997142791748047,1,17,6
1774627517.155995,2764.594724,4.9372100830078125,4.97296667098999,1,17,6
1774627517.256013,2764.694742,4.924722194671631,4.997142791748047,1,17,6
1774627517.355965,2764.794694,4.931368827819824,4.98263692855835,1,17,6
1774627517.455873,2764.894602,4.7599639892578125,4.963296413421631,1,17,6
1774627517.556002,2764.994731,4.836803913116455,4.939120769500732,1,17,6
1774627517.655618,2765.094347,4.894106864929199,4.97296667098999,1,17,6
1774627517.7559469,2765.194676,4.890481472015381,4.97780179977417,1,17,6
1774627517.855963,2765.294692,4.89420747756958,4.97780179977417,1,17,6
1774627517.956131,2765.39486,4.931368827819824,4.898021697998047,1,17,6
1774627518.055855,2765.494584,4.9613800048828125,4.9874725341796875,1,17,6
1774627518.155912,2765.594641,4.961883544921875,4.992307662963867,1,17,6
1774627518.255892,2765.694621,4.955639362335205,4.9874725341796875,1,17,6
1774627518.355936,2765.794665,4.952416896820068,4.910109519958496,1,17,6
1774627518.456241,2765.89497,4.925024509429932,4.9874725341796875,1,17,6
1774627518.555948,2765.994677,4.921801567077637,4.989890098571777,1,17,6
1774627518.6558208,2766.09455,4.907702445983887,4.98263692855835,1,17,6
1774627518.7558799,2766.194609,4.775774955749512,4.992307662963867,1,17,6
1774627518.855783,2766.294512,4.842645168304443,4.934285640716553,1,17,6
1774627518.95596,2766.394689,5.007101535797119,4.963296413421631,1,17,6
1774627519.05551,2766.494239,4.982326984405518,5.001977920532227,1,17,6
1774627519.15582,2766.594549,4.972357273101807,4.992307662963867,1,17,6
1774627519.255589,2766.694318,4.97880220413208,4.97296667098999,1,17,6
1774627519.355617,2766.794346,4.9805145263671875,4.985054969787598,1,17,6
1774627519.45575,2766.894479,4.918679714202881,4.97538423538208,1,17,6
1774627519.5555909,2766.99432,4.911630153656006,4.9705491065979,1,17,6
1774627519.6557589,2767.094488,4.958761692047119,4.97296667098999,1,17,6
1774627519.7555408,2767.19427,4.971853733062744,4.989890098571777,1,17,6
1774627519.8555028,2767.294232,4.947582721710205,4.8569231033325195,1,17,6
1774627519.9558399,2767.394569,4.955236911773682,4.9874725341796875,1,17,6
1774627520.055465,2767.494194,4.928549289703369,4.989890098571777,1,17,6
1774627520.155729,2767.594458,4.932879447937012,4.956043720245361,1,17,6
1774627520.255737,2767.694466,4.943957328796387,4.958461284637451,1,17,6
1774627520.355726,2767.794455,4.970544338226318,4.9705491065979,1,17,6
1774627520.455986,2767.894715,4.935095310211182,4.98021936416626,1,17,6
1774627520.55565,2767.994379,4.920895099639893,4.985054969787598,1,17,6
1774627520.655726,2768.094455,4.978198051452637,4.98263692855835,1,17,6
1774627520.755677,2768.194406,5.023516654968262,4.97296667098999,1,17,6
1774627520.85572,2768.294449,4.984139919281006,4.994725227355957,1,17,6
1774627520.955772,2768.394501,4.982931613922119,4.985054969787598,1,17,6
1774627521.055709,2768.494438,4.969738483428955,4.992307662963867,1,17,6
1774627521.155664,2768.594393,4.879604816436768,4.992307662963867,1,17,6
1774627521.255724,2768.694453,4.919384479522705,4.948791027069092,1,17,6
1774627521.3557498,2768.794479,4.966516017913818,4.965713977813721,1,17,6
1774627521.455843,2768.894572,4.917773246765137,4.992307662963867,1,17,6
1774627521.555688,2768.994417,4.976083278656006,4.997142791748047,1,17,6
1774627521.655664,2769.094393,4.963696002960205,4.98021936416626,1,17,6
1774627521.755389,2769.194118,4.945770263671875,4.9874725341796875,1,17,6
1774627521.8555748,2769.294304,4.926535129547119,4.999560356140137,1,17,6
1774627521.955543,2769.394272,4.9266357421875,4.963296413421631,1,17,6
1774627522.055604,2769.494333,4.929656982421875,4.97538423538208,1,17,6
1774627522.155513,2769.594242,4.951107501983643,4.97780179977417,1,17,6
1774627522.255665,2769.694394,4.952013969421387,4.985054969787598,1,17,6
1774627522.355558,2769.794287,4.911932468414307,4.985054969787598,1,17,6
1774627522.455662,2769.894391,4.855334281921387,4.992307662963867,1,17,6
1774627522.555527,2769.994256,4.817971706390381,4.9536261558532715,1,17,6
1774627522.655528,2770.094257,4.8324737548828125,4.963296413421631,1,17,6
1774627522.755261,2770.19399,4.907601833343506,4.948791027069092,1,17,6
1774627522.855535,2770.294264,4.89823579788208,4.951208591461182,1,17,6
1774627522.955411,2770.39414,4.93267822265625,4.97780179977417,1,17,6
1774627523.055594,2770.494323,4.9331817626953125,4.994725227355957,1,17,6
1774627523.155309,2770.594038,4.92864990234375,4.989890098571777,1,17,6
1774627523.255495,2770.694224,4.915859699249268,4.9705491065979,1,17,6
1774627523.355253,2770.793982,4.904177665710449,4.958461284637451,1,17,6
1774627523.4555109,2770.89424,4.948992729187012,4.958461284637451,1,17,6
1774627523.555168,2770.993897,4.928851127624512,4.97296667098999,1,17,6
1774627523.6553,2771.094029,4.949999809265137,4.97538423538208,1,17,6
1774627523.755401,2771.19413,4.915255546569824,4.992307662963867,1,17,6
1774627523.855325,2771.294054,4.956445217132568,4.97780179977417,1,17,6
1774627523.955502,2771.394231,4.936907768249512,4.958461284637451,1,17,6
1774627524.0552099,2771.493939,4.93670654296875,4.9874725341796875,1,17,6
1774627524.1551049,2771.593834,4.947683811187744,4.9705491065979,1,17,6
1774627524.255414,2771.694143,4.927944660186768,4.994725227355957,1,17,6
1774627524.355203,2771.793932,4.95261812210083,4.943955898284912,1,17,6
1774627524.455219,2771.893948,4.925326347351074,4.9874725341796875,1,17,6
1774627524.555275,2771.994004,4.918176174163818,4.9874725341796875,1,17,6
1774627524.654999,2772.093728,4.901257038116455,4.97296667098999,1,17,6
1774627524.75506,2772.193789,4.903674125671387,4.97296667098999,1,17,6
1774627524.855253,2772.293982,4.927441120147705,4.98263692855835,1,17,6
1774627524.955177,2772.393906,4.930059909820557,4.963296413421631,1,17,6
1774627525.055181,2772.49391,4.97074556350708,4.97296667098999,1,17,6
1774627525.1551979,2772.593927,5.0147552490234375,4.9705491065979,1,17,6
1774627525.25511,2772.693839,4.977291584014893,4.9874725341796875,1,17,6
1774627525.354974,2772.793703,4.907601833343506,4.97780179977417,1,17,6
1774627525.455345,2772.894074,4.953927516937256,4.97296667098999,1,17,6
1774627525.555397,2772.994126,4.935699462890625,4.9681315422058105,1,17,6
1774627525.6549509,2773.09368,4.885043144226074,4.9874725341796875,1,17,6
1774627525.755136,2773.193865,4.933886528015137,4.963296413421631,1,17,6
1774627525.855143,2773.293872,4.7327728271484375,4.9681315422058105,1,17,6
1774627525.9553409,2773.39407,4.800650119781494,4.992307662963867,1,17,6
1774627526.055069,2773.493798,4.818274021148682,4.9536261558532715,1,17,6
1774627526.1553469,2773.594076,4.764294147491455,4.97538423538208,1,17,6
1774627526.2551,2773.693829,4.7911834716796875,4.929450511932373,1,17,6
1774627526.354784,2773.793513,5.029962062835693,4.956043720245361,1,17,6
1774627526.455231,2773.89396,4.976586818695068,5.001977920532227,1,17,6
1774627526.55514,2773.993869,4.961279392242432,5.004395484924316,1,17,6
1774627526.654836,2774.093565,4.971148490905762,5.001977920532227,1,17,6
1774627526.755082,2774.193811,4.74334716796875,4.839999675750732,1,17,6
1774627526.855058,2774.293787,4.797125339508057,4.956043720245361,1,17,6
1774627526.955002,2774.393731,4.806893825531006,4.934285640716553,1,17,6
1774627527.054937,2774.493666,4.786953449249268,4.963296413421631,1,17,6
1774627527.154883,2774.593612,4.83197021484375,4.9536261558532715,1,17,6
1774627527.254986,2774.693715,4.8928985595703125,4.75054931640625,1,17,6
1774627527.3547149,2774.793444,4.868426322937012,4.965713977813721,1,17,6
1774627527.4551399,2774.893869,4.839926242828369,4.98263692855835,1,17,6
1774627527.554683,2774.993412,4.750094413757324,4.958461284637451,1,17,6
1774627527.6549459,2775.093675,4.849392414093018,4.97780179977417,1,17,6
1774627527.754709,2775.193438,4.8576507568359375,4.948791027069092,1,17,6
1774627527.854755,2775.293484,4.8918914794921875,4.963296413421631,1,17,6
1774627527.955159,2775.393888,4.948690891265869,4.9681315422058105,1,17,6
1774627528.054669,2775.493398,4.93046236038208,4.992307662963867,1,17,6
1774627528.154897,2775.593626,4.923916339874268,4.965713977813721,1,17,6
1774627528.2546608,2775.69339,4.929455280303955,4.965713977813721,1,17,6
1774627528.3548949,2775.793624,4.896322727203369,4.97538423538208,1,17,6
1774627528.454786,2775.893515,4.93046236038208,4.9536261558532715,1,17,6
1774627528.554842,2775.993571,4.928750514984131,4.98263692855835,1,17,6
1774627528.654872,2776.093601,4.941137790679932,4.9705491065979,1,17,6
1774627528.755061,2776.19379,4.941137790679932,4.9874725341796875,1,17,6
1774627528.8545449,2776.293274,4.923010349273682,4.98263692855835,1,17,6
1774627528.9549499,2776.393679,4.935699462890625,4.98263692855835,1,17,6
1774627529.05493,2776.493659,4.947381496429443,4.9874725341796875,1,17,6
1774627529.154792,2776.593521,4.93670654296875,4.9681315422058105,1,17,6
1774627529.254835,2776.693564,4.931066989898682,4.924615383148193,1,17,6
1774627529.3547668,2776.793496,4.9291534423828125,4.97296667098999,1,17,6
1774627529.454683,2776.893412,4.839422702789307,4.9874725341796875,1,17,6
1774627529.554715,2776.993444,4.929556369781494,4.994725227355957,1,17,6
1774627529.654736,2777.093465,4.934792995452881,4.9874725341796875,1,17,6
1774627529.754781,2777.19351,4.932879447937012,4.9874725341796875,1,17,6
1774627529.854738,2777.293467,4.918982028961182,4.98263692855835,1,17,6
1774627529.9548209,2777.39355,4.933886528015137,4.9874725341796875,1,17,6
1774627530.054549,2777.493278,4.916665554046631,4.965713977813721,1,17,6
1774627530.1546009,2777.59333,4.918880939483643,4.97538423538208,1,17,6
1774627530.254792,2777.693521,4.847378253936768,4.960878849029541,1,17,6
1774627530.35467,2777.793399,4.795614719390869,4.97296667098999,1,17,6
1774627530.454859,2777.893588,4.8868560791015625,4.9874725341796875,1,17,6
1774627530.5546238,2777.993353,4.879403591156006,4.97296667098999,1,17,6
1774627530.654655,2778.093384,4.88212251663208,4.958461284637451,1,17,6
1774627530.7546399,2778.193369,4.862383842468262,4.939120769500732,1,17,6
1774627530.854714,2778.293443,4.860369682312012,4.958461284637451,1,17,6
1774627530.95501,2778.393739,4.9684295654296875,4.989890098571777,1,17,6
1774627531.0546439,2778.493373,4.961984157562256,4.989890098571777,1,17,6
1774627531.154547,2778.593276,4.911227226257324,4.992307662963867,1,17,6
1774627531.254869,2778.693598,4.886956691741943,4.97780179977417,1,17,6
1774627531.354498,2778.793227,4.922204494476318,4.97296667098999,1,17,6
1774627531.454762,2778.893491,4.9080047607421875,4.97538423538208,1,17,6
1774627531.554808,2778.993537,4.9200897216796875,4.98263692855835,1,17,6
1774627531.6545649,2779.093294,4.918982028961182,4.9874725341796875,1,17,6
1774627531.75448,2779.193209,4.932275295257568,4.98263692855835,1,17,6
1774627531.854601,2779.29333,4.93851900100708,4.999560356140137,1,17,6
1774627531.954788,2779.393517,4.891186237335205,5.001977920532227,1,17,6
1774627532.054466,2779.493195,4.913845539093018,4.98021936416626,1,17,6
1774627532.154518,2779.593247,4.903774738311768,4.951208591461182,1,17,6
1774627532.2545528,2779.693282,4.924218654632568,4.960878849029541,1,17,6
1774627532.354544,2779.793273,4.939123630523682,4.97296667098999,1,17,6
1774627532.454612,2779.893341,4.972155570983887,4.994725227355957,1,17,6
1774627532.5542,2779.992929,4.954431056976318,4.989890098571777,1,17,6
1774627532.654533,2780.093262,4.92462158203125,4.985054969787598,1,17,6
1774627532.754277,2780.193006,4.96893310546875,4.958461284637451,1,17,6
1774627532.85429,2780.293019,4.963696002960205,4.985054969787598,1,17,6
1774627532.9546719,2780.393401,4.938921928405762,4.992307662963867,1,17,6
1774627533.054205,2780.492934,4.933483600616455,4.97296667098999,1,17,6
1774627533.1541688,2780.592898,4.910623073577881,4.9874725341796875,1,17,6
1774627533.254416,2780.693145,4.917873859405518,4.929450511932373,1,17,6
1774627533.354462,2780.793191,4.94657564163208,4.97780179977417,1,17,6
1774627533.454122,2780.892851,4.935598850250244,4.97538423538208,1,17,6
1774627533.554411,2780.99314,4.933483600616455,4.97538423538208,1,17,6
1774627533.6540399,2781.092769,4.932577610015869,4.965713977813721,1,17,6
1774627533.7543669,2781.193096,4.93267822265625,4.98263692855835,1,17,6
1774627533.854122,2781.292851,4.925628662109375,4.97780179977417,1,17,6
1774627533.954577,2781.393306,4.944863796234131,4.965713977813721,1,17,6
1774627534.0543098,2781.493039,4.961480617523193,4.985054969787598,1,17,6
1774627534.1543128,2781.593042,5.015963554382324,4.985054969787598,1,17,6
1774627534.254271,2781.693,4.992095947265625,4.997142791748047,1,17,6
1774627534.354322,2781.793051,4.99692964553833,4.989890098571777,1,17,6
1774627534.454217,2781.892946,4.963897705078125,4.9874725341796875,1,17,6
1774627534.5542629,2781.992992,4.975378513336182,4.97780179977417,1,17,6
1774627534.6539829,2782.092712,4.971249103546143,4.939120769500732,1,17,6
1774627534.754298,2782.193027,4.980010986328125,5.040658950805664,1,17,6
1774627534.8540308,2782.29276,4.985247611999512,4.97780179977417,1,17,6
1774627534.954232,2782.392961,4.9991455078125,4.989890098571777,1,17,6
1774627535.053964,2782.492693,4.980010986328125,5.004395484924316,1,17,6
1774627535.15418,2782.592909,4.9754791259765625,4.98263692855835,1,17,6
1774627535.254214,2782.692943,4.992297172546387,4.999560356140137,1,17,6
1774627535.3541958,2782.792925,4.9402313232421875,5.001977920532227,1,17,6
1774627535.45416,2782.892889,4.965005397796631,4.989890098571777,1,17,6
1774627535.554208,2782.992937,5.0016632080078125,4.992307662963867,1,17,6
1774627535.654094,2783.092823,4.986254692077637,4.997142791748047,1,17,6
1774627535.754199,2783.192928,4.948690891265869,5.006813049316406,1,17,6
1774627535.854145,2783.292874,4.954128742218018,4.992307662963867,1,17,6
1774627535.954151,2783.39288,4.970947265625,4.98263692855835,1,17,6
1774627536.054059,2783.492788,4.999044895172119,4.9874725341796875,1,17,6
1774627536.153827,2783.592556,5.015560626983643,4.97780179977417,1,17,6
1774627536.254361,2783.69309,5.132080078125,4.992307662963867,1,17,6
1774627536.353913,2783.792642,5.081625461578369,5.001977920532227,1,17,6
1774627536.453901,2783.89263,5.081121921539307,5.026153564453125,1,17,6
1774627536.55385,2783.992579,5.070245265960693,4.992307662963867,1,17,6
1774627536.6538439,2784.092573,5.079611301422119,4.997142791748047,1,17,6
1774627536.754139,2784.192868,5.035803318023682,5.0189008712768555,1,17,6
1774627536.853782,2784.292511,5.117275714874268,5.014065742492676,1,17,6
1774627536.954079,2784.392808,5.163400173187256,5.035823822021484,1,17,6
1774627537.0540159,2784.492745,5.170953273773193,4.97780179977417,1,17,6
1774627537.153717,2784.592446,5.153530597686768,5.026153564453125,1,17,6
1774627537.2537189,2784.692448,5.1758880615234375,5.016483306884766,1,17,6
1774627537.353987,2784.792716,5.18424654006958,5.026153564453125,1,17,6
1774627537.453623,2784.892352,5.1758880615234375,5.011648178100586,1,17,6
1774627537.553725,2784.992454,5.090084552764893,5.023736000061035,1,17,6
1774627537.653931,2785.09266,5.18223237991333,5.016483306884766,1,17,6
1774627537.753722,2785.192451,5.19028902053833,5.021318435668945,1,17,6
1774627537.853714,2785.292443,5.1779022216796875,5.0189008712768555,1,17,6
1774627537.95392,2785.392649,5.17417573928833,5.0334062576293945,1,17,6
1774627538.053521,2785.49225,5.1768951416015625,5.026153564453125,1,17,6
1774627538.153683,2785.592412,5.176290988922119,5.023736000061035,1,17,6
1774627538.253589,2785.692318,5.174578666687012,5.026153564453125,1,17,6
1774627538.353637,2785.792366,5.187066555023193,5.030988693237305,1,17,6
1774627538.453639,2785.892368,5.173068046569824,5.026153564453125,1,17,6
1774627538.5535629,2785.992292,5.185757160186768,5.026153564453125,1,17,6
1774627538.65359,2786.092319,5.162191867828369,5.026153564453125,1,17,6
1774627538.75396,2786.192689,5.170449733734131,5.0334062576293945,1,17,6
1774627538.853618,2786.292347,5.1849517822265625,5.016483306884766,1,17,6
1774627538.953563,2786.392292,5.187570095062256,5.021318435668945,1,17,6
1774627539.0537639,2786.492493,5.182735919952393,5.030988693237305,1,17,2
1774627539.1535459,2786.592275,5.171456813812256,5.035823822021484,1,17,2
1774627539.2534049,2786.692134,5.181829929351807,5.028571128845215,1,17,2
1774627539.353813,2786.792542,5.17216157913208,5.009230613708496,1,17,2
1774627539.453451,2786.89218,5.181124687194824,5.026153564453125,1,17,2
1774627539.553381,2786.99211,5.1053924560546875,5.009230613708496,1,17,2
1774627539.6537309,2787.09246,5.159371852874756,5.023736000061035,1,17,2
1774627539.7534359,2787.192165,5.171960353851318,5.030988693237305,1,17,2
1774627539.853683,2787.292412,5.161889553070068,5.023736000061035,1,17,2
1774627539.953467,2787.392196,5.1809234619140625,5.021318435668945,1,17,2
1774627540.0534809,2787.49221,5.153329372406006,5.030988693237305,1,17,2
1774627540.15345,2787.592179,5.165112018585205,5.026153564453125,1,17,2
1774627540.253685,2787.692414,5.201769828796387,5.021318435668945,1,17,2
1774627540.353494,2787.792223,5.180319309234619,5.030988693237305,1,17,2
1774627540.45364,2787.892369,5.137014865875244,5.016483306884766,1,17,2
1774627540.553614,2787.992343,5.196936130523682,5.016483306884766,1,17,2
1774627540.653655,2788.092384,5.176693439483643,5.023736000061035,1,17,2
1774627540.753632,2788.192361,5.163400173187256,5.011648178100586,1,17,2
1774627540.853571,2788.2923,5.180621147155762,5.023736000061035,1,17,2
1774627540.953342,2788.392071,5.1869659423828125,5.030988693237305,1,17,2
1774627541.0537639,2788.492493,5.15020751953125,5.0189008712768555,1,17,2
1774627541.1533248,2788.592054,5.159069538116455,5.006813049316406,1,17,2
1774627541.253727,2788.692456,5.175988674163818,5.021318435668945,1,17,2
1774627541.353389,2788.792118,5.160681247711182,5.0189008712768555,1,17,2
1774627541.453497,2788.892226,5.212847709655762,5.021318435668945,1,17,2
1774627541.5533888,2788.992118,5.178002834320068,5.021318435668945,1,17,2
1774627541.653455,2789.092184,5.180721759796143,5.006813049316406,1,17,2
1774627541.7532969,2789.192026,5.157257080078125,5.016483306884766,1,17,2
1774627541.853296,2789.292025,5.204690456390381,5.016483306884766,1,17,2
1774627541.953224,2789.391953,5.185153007507324,5.016483306884766,1,17,2
1774627542.053161,2789.49189,5.148495197296143,5.026153564453125,1,17,2
1774627542.153472,2789.592201,5.140237331390381,5.023736000061035,1,17,2
1774627542.253212,2789.691941,5.19431734085083,5.026153564453125,1,17,2
1774627542.3534598,2789.792189,5.133691310882568,5.011648178100586,1,17,2
1774627542.4532208,2789.89195,5.1920013427734375,5.028571128845215,1,17,2
1774627542.5532799,2789.992009,5.193511962890625,5.030988693237305,1,17,2
1774627542.653188,2790.091917,5.173672199249268,5.021318435668945,1,17,2
1774627542.753368,2790.192097,5.1507110595703125,5.021318435668945,1,17,2
1774627542.853188,2790.291917,5.195827960968018,5.021318435668945,1,17,2
1774627542.953327,2790.392056,5.179009914398193,5.011648178100586,1,17,2
1774627543.05319,2790.491919,5.149301052093506,5.0189008712768555,1,17,2
1774627543.1533608,2790.59209,5.155041217803955,5.028571128845215,1,17,2
1774627543.253114,2790.691843,5.180117607116699,5.021318435668945,1,17,2
1774627543.353349,2790.792078,5.186361789703369,5.026153564453125,1,17,2
1774627543.4530559,2790.891785,5.201870441436768,5.026153564453125,1,17,2
1774627543.553361,2790.99209,5.179110527038574,5.011648178100586,1,17,2
1774627543.653298,2791.092027,5.176592826843262,5.026153564453125,1,17,2
1774627543.753296,2791.192025,5.166018486022949,5.016483306884766,1,17,2
1774627543.853231,2791.29196,5.16632080078125,5.026153564453125,1,17,2
1774627543.953251,2791.39198,5.177196979522705,5.0189008712768555,1,17,2
1774627544.053299,2791.492028,5.154638767242432,5.030988693237305,1,17,2
1774627544.153454,2791.592183,5.134194850921631,5.026153564453125,1,17,2
1774627544.2530758,2791.691805,5.195324420928955,5.026153564453125,1,17,2
1774627544.3537009,2791.79243,5.0923004150390625,5.021318435668945,1,17,2
1774627544.4530199,2791.891749,5.195827960968018,5.011648178100586,1,17,2
1774627544.5532188,2791.991948,5.17840576171875,5.023736000061035,1,17,2
1774627544.652936,2792.091665,5.151617527008057,5.0189008712768555,1,17,2
1774627544.753222,2792.191951,5.1738739013671875,5.026153564453125,1,17,2
1774627544.852961,2792.29169,5.185455322265625,5.021318435668945,1,17,2
1774627544.953458,2792.392187,5.190792560577393,5.026153564453125,1,17,2
1774627545.052945,2792.491674,5.168536186218262,5.021318435668945,1,17,2
1774627545.153416,2792.592145,5.152121067047119,5.021318435668945,1,17,2
1774627545.252935,2792.691664,5.193914890289307,5.016483306884766,1,17,2
1774627545.353173,2792.791902,5.20257568359375,5.026153564453125,1,17,2
1774627545.4531798,2792.891909,5.199856281280518,5.021318435668945,1,17,2
1774627545.553134,2792.991863,5.178707599639893,5.021318435668945,1,17,2
1774627545.652826,2793.091555,5.173773288726807,5.023736000061035,1,17,2
1774627545.753326,2793.192055,5.16229248046875,5.014065742492676,1,17,2
1774627545.85282,2793.291549,5.191397190093994,5.016483306884766,1,17,2
1774627545.953079,2793.391808,5.185354709625244,5.026153564453125,1,17,2
1774627546.052891,2793.49162,5.163903713226318,5.026153564453125,1,17,2
1774627546.153339,2793.592068,5.172262668609619,5.026153564453125,1,17,2
1774627546.2528489,2793.691578,5.173370361328125,5.026153564453125,1,17,2
1774627546.353096,2793.791825,5.124929904937744,5.030988693237305,1,17,2
1774627546.4532669,2793.891996,5.197237968444824,5.016483306884766,1,17,2
1774627546.5527968,2793.991526,5.191799640655518,5.021318435668945,1,17,2
1774627546.6530209,2794.09175,5.165313720703125,5.021318435668945,1,17,2
1774627546.75301,2794.191739,5.171658039093018,5.021318435668945,1,17,2
1774627546.85271,2794.291439,5.183441162109375,5.030988693237305,1,17,2
1774627546.952952,2794.391681,5.201266288757324,5.0189008712768555,1,17,2
1774627547.052999,2794.491728,5.171557426452637,5.026153564453125,1,17,2
1774627547.152711,2794.59144,5.163097858428955,5.026153564453125,1,17,2
1774627547.252981,2794.69171,5.1839447021484375,5.016483306884766,1,17,2
1774627547.352813,2794.791542,5.186361789703369,5.026153564453125,1,17,2
1774627547.452861,2794.89159,5.190893650054932,5.021318435668945,1,17,2
1774627547.5526989,2794.991428,5.189684867858887,5.011648178100586,1,17,2
1774627547.653061,2795.09179,5.168737888336182,5.026153564453125,1,17,2
1774627547.752675,2795.191404,5.150912284851074,5.026153564453125,1,17,2
1774627547.852859,2795.291588,5.18646240234375,5.021318435668945,1,17,2
1774627547.952906,2795.391635,5.179614067077637,5.026153564453125,1,17,2
1774627548.053035,2795.491764,5.150408744812012,5.030988693237305,1,17,2
1774627548.152586,2795.591315,5.17236328125,5.023736000061035,1,17,2
1774627548.253136,2795.691865,5.19028902053833,5.023736000061035,1,17,2
1774627548.352948,2795.791677,5.1970367431640625,5.021318435668945,1,17,2
1774627548.4530048,2795.891734,5.204891681671143,5.026153564453125,1,17,2
1774627548.552805,2795.991534,5.170550346374512,5.030988693237305,1,17,2
1774627548.652994,2796.091723,5.159976005554199,5.009230613708496,1,17,2
1774627548.752595,2796.191324,5.134799003601074,5.016483306884766,1,17,2
1774627548.853071,2796.2918,5.165615558624268,5.006813049316406,1,17,2
1774627548.952604,2796.391333,5.1930084228515625,5.0189008712768555,1,17,2
1774627549.052722,2796.491451,5.168939113616943,5.021318435668945,1,17,2
1774627549.152763,2796.591492,5.149301052093506,5.023736000061035,1,17,2
1774627549.253016,2796.691745,5.167428493499756,5.009230613708496,1,17,2
1774627549.352486,2796.791215,5.207510471343994,5.023736000061035,1,17,2
1774627549.452684,2796.891413,5.192806720733643,5.011648178100586,1,17,2
1774627549.552695,2796.991424,5.202676296234131,5.016483306884766,1,17,2
1774627549.652641,2797.09137,5.1053924560546875,5.021318435668945,1,17,2
1774627549.752493,2797.191222,5.161184787750244,5.016483306884766,1,17,2
1774627549.8529959,2797.291725,5.1884765625,5.016483306884766,1,17,2
1774627549.9527519,2797.391481,5.183642387390137,5.016483306884766,1,17,2
1774627550.052662,2797.491391,5.171456813812256,5.030988693237305,1,17,2
1774627550.152433,2797.591162,5.161184787750244,5.026153564453125,1,17,2
1774627550.252542,2797.691271,5.19834566116333,5.011648178100586,1,17,2
1774627550.352499,2797.791228,5.17034912109375,5.021318435668945,1,17,2
1774627550.452353,2797.891082,5.19431734085083,5.030988693237305,1,17,2
1774627550.552374,2797.991103,5.1884765625,5.016483306884766,1,17,2
1774627550.65232,2798.091049,5.159573078155518,5.026153564453125,1,17,2
1774627550.752598,2798.191327,5.154940605163574,5.026153564453125,1,17,2
1774627550.8525279,2798.291257,5.195526123046875,5.028571128845215,1,17,2
1774627550.95254,2798.391269,5.189584255218506,5.026153564453125,1,17,2
1774627551.052569,2798.491298,5.168435573577881,5.016483306884766,1,17,2
1774627551.152561,2798.59129,5.177801609039307,5.016483306884766,1,17,2
1774627551.252399,2798.691128,5.199856281280518,5.011648178100586,1,17,2
1774627551.352825,2798.791554,5.198446750640869,5.021318435668945,1,17,2
1774627551.452306,2798.891035,5.196432590484619,5.026153564453125,1,17,2
1774627551.552502,2798.991231,5.193109035491943,5.026153564453125,1,17,2
1774627551.652516,2799.091245,5.133490085601807,5.014065742492676,1,17,2
1774627551.7527149,2799.191444,5.175182819366455,5.026153564453125,1,17,2
1774627551.852287,2799.291016,5.2101287841796875,5.021318435668945,1,17,2
1774627551.952712,2799.391441,5.19633150100708,5.023736000061035,1,17,2
1774627552.05247,2799.491199,5.154437065124512,5.014065742492676,1,17,2
1774627552.152493,2799.591222,5.166924953460693,5.016483306884766,1,17,2
1774627552.252537,2799.691266,5.175384521484375,5.026153564453125,1,17,2
1774627552.352725,2799.791454,5.19230318069458,5.030988693237305,1,17,2
1774627552.452339,2799.891068,5.113852024078369,5.026153564453125,1,17,2
1774627552.552413,2799.991142,5.197439670562744,5.016483306884766,1,17,2
